case_id,date,views,sector,interest,views_norm,interest_norm,views_change,interest_change,divergence,divergence_abs
F1,2021-03-01,388,Finance,86,15.610176800344975,96.29629629629628,1.466149202242347,-3.7037037037037095,5.1698529059460565,5.1698529059460565
F1,2021-04-01,506,Finance,77,20.698576972833116,62.96296296296296,5.088400172488139,-33.33333333333333,38.421733505821464,38.421733505821464
F1,2021-05-01,1505,Finance,77,63.777490297542045,62.96296296296296,43.07891332470893,0.0,43.07891332470893,43.07891332470893
F1,2021-06-01,596,Finance,67,24.579560155239328,25.925925925925927,-39.19793014230272,-37.03703703703704,-2.1608931052656786,2.1608931052656786
F1,2021-07-01,684,Finance,67,28.3742992669254,25.925925925925927,3.79473911168607,0.0,3.79473911168607,3.79473911168607
F1,2021-08-01,1182,Finance,66,49.84907287623976,22.22222222222222,21.47477360931436,-3.703703703703706,25.178477313018067,25.178477313018067
F1,2021-09-01,1033,Finance,64,43.42388960758948,14.814814814814817,-6.4251832686502794,-7.4074074074074066,0.9822241387571272,0.9822241387571272
F1,2021-10-01,1282,Finance,76,54.16127641224666,59.25925925925926,10.737386804657175,44.44444444444444,-33.707057639787266,33.707057639787266
F1,2021-11-01,918,Finance,86,38.46485554118154,96.29629629629628,-15.696420871065117,37.03703703703703,-52.733457908102146,52.733457908102146
F1,2021-12-01,815,Finance,80,34.02328589909444,74.07407407407408,-4.441569642087103,-22.222222222222214,17.78065258013511,17.78065258013511
F1,2022-01-01,1053,Finance,82,44.28633031479086,81.48148148148148,10.26304441569642,7.407407407407405,2.8556370082890155,2.8556370082890155
F1,2022-02-01,949,Finance,73,39.801638637343686,48.148148148148145,-4.484691677447174,-33.333333333333336,28.84864165588616,28.84864165588616
F1,2022-03-01,958,Finance,84,40.1897369555843,88.88888888888889,0.3880983182406154,40.74074074074074,-40.352642422500125,40.352642422500125
F1,2022-04-01,1169,Finance,86,49.28848641655886,96.29629629629628,9.09874946097456,7.407407407407405,1.6913420535671548,1.6913420535671548
F1,2022-05-01,1682,Finance,82,71.41009055627426,81.48148148148148,22.12160413971539,-14.81481481481481,36.93641895453021,36.93641895453021
F1,2022-06-01,1555,Finance,80,65.9335920655455,74.07407407407408,-5.476498490728758,-7.407407407407405,1.9309089166786464,1.9309089166786464
F1,2022-07-01,1422,Finance,69,60.198361362656314,33.333333333333336,-5.735230702889183,-40.74074074074074,35.00551003785156,35.00551003785156
F1,2022-08-01,2345,Finance,71,100.0,40.74074074074074,39.801638637343686,7.407407407407405,32.39423122993628,32.39423122993628
F1,2022-09-01,1015,Finance,64,42.647692971108235,14.814814814814817,-57.352307028891765,-25.925925925925924,-31.42638110296584,31.42638110296584
F1,2022-10-01,940,Finance,63,39.41354031910306,11.11111111111111,-3.2341526520051715,-3.703703703703704,0.4695510516985326,0.4695510516985326
F1,2022-11-01,968,Finance,60,40.620957309184995,0.0,1.2074169900819314,-11.11111111111111,12.318528101193042,12.318528101193042
F1,2022-12-01,923,Finance,69,38.68046571798189,33.333333333333336,-1.9404915912031055,33.333333333333336,-35.27382492453644,35.27382492453644
F1,2023-01-01,871,Finance,85,36.4381198792583,92.5925925925926,-2.242345838723587,59.25925925925926,-61.501605097982846,61.501605097982846
F1,2023-02-01,898,Finance,82,37.60241483398016,81.48148148148148,1.1642949547218606,-11.111111111111114,12.275406065832977,12.275406065832977
F1,2023-03-01,1427,Finance,75,60.41397153945666,55.55555555555556,22.811556705476494,-25.925925925925924,48.73748263140242,48.73748263140242
F1,2023-04-01,886,Finance,73,37.084950409659335,48.148148148148145,-23.32902112979733,-7.407407407407412,-15.921613722389914,15.921613722389914
F1,2023-05-01,619,Finance,69,25.571366968520913,33.333333333333336,-11.513583441138422,-14.81481481481481,3.301231373676387,3.301231373676387
F1,2023-06-01,630,Finance,76,26.045709357481673,59.25925925925926,0.4743423889607605,25.925925925925924,-25.451583536965163,25.451583536965163
F1,2023-07-01,563,Finance,77,23.15653298835705,62.96296296296296,-2.8891763691246233,3.7037037037037024,-6.592880072828326,6.592880072828326
F1,2023-08-01,607,Finance,73,25.053902544200085,48.148148148148145,1.897369555843035,-14.814814814814817,16.71218437065785,16.71218437065785
F1,2023-09-01,586,Finance,76,24.14833980163864,59.25925925925926,-0.9055627425614468,11.111111111111114,-12.01667385367256,12.01667385367256
F1,2023-10-01,620,Finance,72,25.614489003880983,44.44444444444444,1.4661492022423452,-14.814814814814817,16.280964017057162,16.280964017057162
F1,2023-11-01,700,Finance,68,29.0642518326865,29.62962962962963,3.449762828805518,-14.814814814814811,18.26457764362033,18.26457764362033
F1,2023-12-01,26,Finance,73,0.0,48.148148148148145,-29.0642518326865,18.518518518518515,-47.58277035120501,47.58277035120501
F2,2021-03-01,649134,Finance,71,65.22515252662339,62.33766233766234,-28.980160331258887,-37.66233766233766,8.682177331078776,8.682177331078776
F2,2021-04-01,652458,Finance,75,65.56382887674381,67.53246753246754,0.3386763501204228,5.194805194805198,-4.8561288446847755,4.8561288446847755
F2,2021-05-01,990438,Finance,98,100.0,97.4025974025974,34.43617112325619,29.870129870129873,4.566041253126315,4.566041253126315
F2,2021-06-01,604425,Finance,69,60.669833351673205,59.74025974025974,-39.330166648326795,-37.66233766233767,-1.667828985989125,1.667828985989125
F2,2021-07-01,417208,Finance,46,41.59463171494129,29.87012987012987,-19.07520163673191,-29.87012987012987,10.794928233397956,10.794928233397956
F2,2021-08-01,425156,Finance,48,42.404439064747905,32.467532467532465,0.8098073498066114,2.5974025974025956,-1.7875952475959842,1.7875952475959842
F2,2021-09-01,668505,Finance,44,67.19882869334506,27.272727272727273,24.79438962859716,-5.194805194805191,29.98919482340235,29.98919482340235
F2,2021-10-01,845726,Finance,55,85.25555596310832,41.55844155844156,18.056727269763257,14.285714285714285,3.771012984048973,3.771012984048973
F2,2021-11-01,833006,Finance,51,83.95953816120343,36.36363636363637,-1.2960178019048954,-5.194805194805191,3.898787392900296,3.898787392900296
F2,2021-12-01,718252,Finance,51,72.26746057945853,36.36363636363637,-11.692077581744895,0.0,-11.692077581744895,11.692077581744895
F2,2022-01-01,891375,Finance,63,89.90665003851373,51.94805194805195,17.639189459055203,15.58441558441558,2.054773874639622,2.054773874639622
F2,2022-02-01,612528,Finance,53,61.49543337123574,38.96103896103896,-28.41121666727799,-12.987012987012989,-15.424203680265002,15.424203680265002
F2,2022-03-01,629028,Finance,44,63.17658853880106,27.272727272727273,1.681155167565322,-11.688311688311686,13.369466855877008,13.369466855877008
F2,2022-04-01,536500,Finance,35,53.749077911862635,15.584415584415584,-9.427510626938428,-11.688311688311687,2.260801061373261,2.260801061373261
F2,2022-05-01,520987,Finance,55,52.16848638977532,41.55844155844156,-1.5805915220873177,25.974025974025977,-27.55461749611329,27.55461749611329
F2,2022-06-01,436606,Finance,61,43.571058862846265,49.35064935064935,-8.597427526929053,7.79220779220779,-16.389635319136843,16.389635319136843
F2,2022-07-01,311979,Finance,44,30.873039161745467,27.272727272727273,-12.698019701100796,-22.077922077922075,9.379902376821278,9.379902376821278
F2,2022-08-01,301276,Finance,32,29.782529843051428,11.688311688311687,-1.090509318694039,-15.584415584415584,14.493906265721543,14.493906265721543
F2,2022-09-01,307515,Finance,32,30.418210272775067,11.688311688311687,0.6356804297236387,0.0,0.6356804297236387,0.6356804297236387
F2,2022-10-01,592145,Finance,26,59.418646354236714,3.896103896103896,29.000436081461647,-7.792207792207793,36.79264387366944,36.79264387366944
F2,2022-11-01,631754,Finance,39,63.454335750121245,20.77922077922078,4.035689395884532,16.883116883116884,-12.847427487232352,12.847427487232352
F2,2022-12-01,348527,Finance,27,34.59684880199864,5.194805194805195,-28.85748694812261,-15.584415584415584,-13.273071363707022,13.273071363707022
F2,2023-01-01,323616,Finance,31,32.0587120517429,10.38961038961039,-2.538136750255738,5.194805194805195,-7.732941945060933,7.732941945060933
F2,2023-02-01,238114,Finance,29,23.347067861611382,7.792207792207792,-8.71164419013152,-2.5974025974025974,-6.114241592728922,6.114241592728922
F2,2023-03-01,277512,Finance,33,27.361258848989472,12.987012987012989,4.01419098737809,5.194805194805195,-1.180614207427105,1.180614207427105
F2,2023-04-01,237095,Finance,29,23.243243793990228,7.792207792207792,-4.118015054999244,-5.194805194805195,1.0767901398059507,1.0767901398059507
F2,2023-05-01,248231,Finance,27,24.37787069980886,5.194805194805195,1.1346269058186316,-2.5974025974025974,3.732029503221229,3.732029503221229
F2,2023-06-01,270602,Finance,27,26.657211442451512,5.194805194805195,2.2793407426426526,0.0,2.2793407426426526,2.2793407426426526
F2,2023-07-01,253734,Finance,28,24.93856142023989,6.4935064935064934,-1.7186500222116263,1.2987012987012987,-3.0173513209129252,3.0173513209129252
F2,2023-08-01,270272,Finance,25,26.62358833910021,2.5974025974025974,1.68502691886032,-3.896103896103896,5.581130814964216,5.581130814964216
F2,2023-09-01,292356,Finance,23,28.87368717064642,0.0,2.2500988315462145,-2.5974025974025974,4.847501428948812,4.847501428948812
F2,2023-10-01,317506,Finance,29,31.43617519878386,7.792207792207792,2.562488028137441,7.792207792207792,-5.229719764070351,5.229719764070351
F2,2023-11-01,304526,Finance,30,30.11366646696581,9.090909090909092,-1.3225087318180506,1.2987012987012996,-2.62121003051935,2.62121003051935
F2,2023-12-01,8970,Finance,35,0.0,15.584415584415584,-30.11366646696581,6.493506493506493,-36.607172960472305,36.607172960472305
F4,2021-10-01,27480,Finance,9,2.3242929506120724,5.208333333333333,2.26931535015455,1.041666666666666,1.227648683487884,1.227648683487884
F4,2021-11-01,34680,Finance,10,2.937046392243903,6.25,0.6127534416318308,1.041666666666667,-0.4289132250348362,0.4289132250348362
F4,2021-12-01,31609,Finance,7,2.6756900284589933,3.125,-0.2613563637849099,-3.125,2.86364363621509,2.86364363621509
F4,2022-01-01,50979,Finance,10,4.32416699573796,6.25,1.6484769672789663,3.125,-1.4765230327210337,1.4765230327210337
F4,2022-02-01,49287,Finance,10,4.18016993695448,6.25,-0.14399705878348,0.0,-0.14399705878348,0.14399705878348
F4,2022-03-01,38619,Finance,8,3.272273587603317,4.166666666666667,-0.9078963493511628,-2.083333333333333,1.1754369839821703,1.1754369839821703
F4,2022-04-01,44973,Finance,9,3.813028499843408,5.208333333333333,0.5407549122400908,1.041666666666666,-0.5009117544265753,0.5009117544265753
F4,2022-05-01,47723,Finance,10,4.047066272688898,6.25,0.2340377728454905,1.041666666666667,-0.8076288938211764,0.8076288938211764
F4,2022-06-01,36933,Finance,8,3.1287871566878636,4.166666666666667,-0.9182791160010346,-2.083333333333333,1.1650542173322984,1.1650542173322984
F4,2022-07-01,35392,Finance,7,2.9976408992497174,3.125,-0.1311462574381461,-1.041666666666667,0.9105204092285208,0.9105204092285208
F4,2022-08-01,26685,Finance,7,2.256634758098558,3.125,-0.7410061411511593,0.0,-0.7410061411511593,0.7410061411511593
F4,2022-09-01,26579,Finance,6,2.247613665763423,2.0833333333333335,-0.0090210923351352,-1.0416666666666663,1.0326455743315313,1.0326455743315313
F4,2022-10-01,23321,Finance,6,1.9703427334250192,2.0833333333333335,-0.2772709323384035,0.0,-0.2772709323384035,0.2772709323384035
F4,2022-11-01,1175193,Finance,100,100.0,100.0,98.029657266575,97.91666666666669,0.1129905999083149,0.1129905999083149
F4,2022-12-01,477021,Finance,32,40.58232002069745,29.166666666666668,-59.41767997930255,-70.83333333333333,11.41565335403078,11.41565335403078
F4,2023-01-01,24867,Finance,12,2.1019145140865207,8.333333333333334,-38.48040550661093,-20.833333333333336,-17.647072173277593,17.647072173277593
F4,2023-02-01,9086,Finance,6,0.7588781165320878,2.0833333333333335,-1.343036397554433,-6.25,4.9069636024455665,4.9069636024455665
F4,2023-03-01,10776,Finance,6,0.902704966026226,2.0833333333333335,0.143826849494138,0.0,0.143826849494138,0.143826849494138
F4,2023-04-01,6640,Finance,5,0.5507121556666077,1.0416666666666667,-0.3519928103596181,-1.0416666666666667,0.6896738563070486,0.6896738563070486
F4,2023-05-01,4955,Finance,4,0.4073108293958251,0.0,-0.1434013262707826,-1.0416666666666667,0.8982653403958841,0.8982653403958841
F4,2023-06-01,4456,Finance,4,0.3648436117049524,0.0,-0.0424672176908726,0.0,-0.0424672176908726,0.0424672176908726
F4,2023-07-01,4062,Finance,4,0.3313123817045439,0.0,-0.0335312300004084,0.0,-0.0335312300004084,0.0335312300004084
F4,2023-08-01,4521,Finance,4,0.3703754136085731,0.0,0.0390630319040292,0.0,0.0390630319040292,0.0390630319040292
F4,2023-09-01,5077,Finance,5,0.4176935960456978,1.0416666666666667,0.0473181824371246,1.0416666666666667,-0.994348484229542,0.994348484229542
F4,2023-10-01,8351,Finance,8,0.6963262026988385,4.166666666666667,0.2786326066531407,3.125,-2.8463673933468594,2.8463673933468594
F4,2023-11-01,7102,Finance,9,0.5900305015046501,5.208333333333333,-0.1062957011941884,1.041666666666666,-1.1479623678608544,1.1479623678608544
F4,2023-12-01,169,Finance,4,0.0,0.0,-0.5900305015046501,-5.208333333333333,4.618302831828683,4.618302831828683
F5,2021-03-01,9594,Finance,69,13.836329582491484,3.125,-0.1268305632161865,-3.125,2.9981694367838134,2.9981694367838134
F5,2021-04-01,8868,Finance,69,12.765643665108325,3.125,-1.0706859173831609,0.0,-1.0706859173831609,1.0706859173831609
F5,2021-05-01,8433,Finance,70,12.124116979072957,6.25,-0.6415266860353661,3.125,-3.766526686035366,3.766526686035366
F5,2021-06-01,8374,Finance,69,12.03710531361069,3.125,-0.087011665462267,-3.125,3.037988334537733,3.037988334537733
F5,2021-07-01,6693,Finance,70,9.558010234931496,6.25,-2.479095078679194,3.125,-5.604095078679194,5.604095078679194
F5,2021-08-01,7855,Finance,75,11.271697612340908,21.875,1.7136873774094123,15.625,-13.911312622590588,13.911312622590588
F5,2021-09-01,8549,Finance,91,12.29519076201572,71.875,1.0234931496748132,50.0,-48.97650685032519,48.97650685032519
F5,2021-10-01,9234,Finance,89,13.30541094577256,65.625,1.0102201837568394,-6.25,7.260220183756839,7.260220183756839
F5,2021-11-01,7303,Finance,90,10.457622369371894,68.75,-2.847788576400667,3.125,-5.972788576400667,5.972788576400667
F5,2021-12-01,5765,Finance,88,8.189419971389384,62.5,-2.2682023979825097,-6.25,3.9817976020174903,3.9817976020174903
F5,2022-01-01,6704,Finance,86,9.57423274883124,56.25,1.3848127774418568,-6.25,7.634812777441857,7.634812777441857
F5,2022-02-01,6603,Finance,72,9.425280575751763,12.5,-0.1489521730794756,-43.75,43.60104782692052,43.60104782692052
F5,2022-03-01,7923,Finance,76,11.371982243721147,25.0,1.946701667969384,12.5,-10.553298332030616,10.553298332030616
F5,2022-04-01,7185,Finance,71,10.283599038447358,9.375,-1.0883832052737912,-15.625,14.536616794726209,14.536616794726209
F5,2022-05-01,9667,Finance,71,13.943988083826154,9.375,3.660389045378796,0.0,3.660389045378796,3.660389045378796
F5,2022-06-01,7928,Finance,76,11.37935611367558,25.0,-2.5646319701505753,15.625,-18.189631970150575,18.189631970150575
F5,2022-07-01,68019,Finance,79,100.0,34.375,88.62064388632442,9.375,79.24564388632442,79.24564388632442
F5,2022-08-01,9413,Finance,74,13.569395490141137,18.75,-86.43060450985887,-15.625,-70.80560450985887,70.80560450985887
F5,2022-09-01,8355,Finance,100,12.009084607783857,100.0,-1.56031088235728,81.25,-82.81031088235729,82.81031088235729
F5,2022-10-01,7018,Finance,88,10.037311781969413,62.5,-1.971772825814444,-37.5,35.52822717418556,35.52822717418556
F5,2022-11-01,7469,Finance,87,10.702434851858952,59.375,0.6651230698895407,-3.125,3.7901230698895407,3.7901230698895407
F5,2022-12-01,7434,Finance,85,10.650817762177946,53.125,-0.0516170896810077,-6.25,6.198382910318992,6.198382910318992
F5,2023-01-01,7646,Finance,78,10.963469848245756,31.25,0.3126520860678106,-21.875,22.18765208606781,22.18765208606781
F5,2023-02-01,6671,Finance,76,9.525565207132008,25.0,-1.4379046411137484,-6.25,4.812095358886252,4.812095358886252
F5,2023-03-01,10012,Finance,68,14.452785110681788,0.0,4.92721990354978,-25.0,29.92721990354978,29.92721990354978
F5,2023-04-01,6628,Finance,71,9.462149925523914,9.375,-4.990635185157874,9.375,-14.365635185157874,14.365635185157874
F5,2023-05-01,5407,Finance,68,7.661450882652233,0.0,-1.8006990428716805,-9.375,7.57430095712832,7.57430095712832
F5,2023-06-01,6156,Finance,79,8.76605660182577,34.375,1.104605719173537,34.375,-33.270394280826466,33.270394280826466
F5,2023-07-01,5554,Finance,79,7.87824265931246,34.375,-0.8878139425133105,0.0,-0.8878139425133105,0.8878139425133105
F5,2023-08-01,5636,Finance,75,7.999174126565104,21.875,0.1209314672526442,-12.5,12.620931467252644,12.620931467252644
F5,2023-09-01,6551,Finance,98,9.3485923282257,93.75,1.349418201660595,71.875,-70.5255817983394,70.5255817983394
F5,2023-10-01,7607,Finance,83,10.905953662601206,46.875,1.557361334375507,-46.875,48.43236133437551,48.43236133437551
F5,2023-11-01,6977,Finance,86,9.976846048343091,56.25,-0.9291076142581148,9.375,-10.304107614258116,10.304107614258116
F5,2023-12-01,212,Finance,88,0.0,62.5,-9.976846048343091,6.25,-16.22684604834309,16.22684604834309
F6,2021-03-01,7112,Finance,42,36.1183321202038,14.705882352941176,3.337839243007174,1.4705882352941178,1.8672510077130564,1.8672510077130564
F6,2021-04-01,5271,Finance,34,26.546740147655193,2.9411764705882355,-9.57159197254861,-11.76470588235294,2.19311390980433,2.19311390980433
F6,2021-05-01,4714,Finance,36,23.65082666112093,5.882352941176471,-2.895913486534262,2.9411764705882355,-5.8370899571224975,5.8370899571224975
F6,2021-06-01,4548,Finance,42,22.787771654362068,14.705882352941176,-0.8630550067588629,8.823529411764705,-9.686584418523568,9.686584418523568
F6,2021-07-01,4324,Finance,40,21.62316730789227,11.764705882352942,-1.164604346469794,-2.9411764705882337,1.7765721241184398,1.7765721241184398
F6,2021-08-01,3745,Finance,32,18.612873037329727,0.0,-3.0102942705625466,-11.764705882352942,8.754411611790395,8.754411611790395
F6,2021-09-01,4452,Finance,33,22.288655505875013,1.4705882352941178,3.675782468545286,1.4705882352941178,2.2051942332511683,2.2051942332511683
F6,2021-10-01,6174,Finance,40,31.241551419361542,11.764705882352942,8.952895913486532,10.294117647058824,-1.3412217335722918,1.3412217335722918
F6,2021-11-01,5120,Finance,37,25.76167203909743,7.352941176470588,-5.479879380264116,-4.411764705882354,-1.0681146743817616,1.0681146743817616
F6,2021-12-01,3751,Finance,34,18.64406779661017,2.9411764705882355,-7.1176042424872605,-4.411764705882352,-2.705839536604908,2.705839536604908
F6,2022-01-01,4224,Finance,37,21.103254653218254,7.352941176470588,2.4591868566080883,4.411764705882352,-1.952577849274264,1.952577849274264
F6,2022-02-01,7036,Finance,58,35.723198502651556,38.23529411764706,14.619943849433298,30.88235294117647,-16.262409091743173,16.262409091743173
F6,2022-03-01,19399,Finance,100,100.0,100.0,64.27680149734844,61.76470588235294,2.512095614995502,2.512095614995502
F6,2022-04-01,6230,Finance,53,31.532702505978996,30.88235294117647,-68.46729749402101,-69.11764705882354,0.650349564802525,0.650349564802525
F6,2022-05-01,5985,Finance,48,30.25891650202766,23.529411764705884,-1.2737860039513365,-7.352941176470587,6.0791551725192505,6.0791551725192505
F6,2022-06-01,6459,Finance,59,32.72330248518249,39.705882352941174,2.464385983154827,16.17647058823529,-13.712084605080465,13.712084605080465
F6,2022-07-01,6359,Finance,64,32.20338983050848,47.05882352941177,-0.5199126546740089,7.352941176470594,-7.872853831144603,7.872853831144603
F6,2022-08-01,5855,Finance,51,29.58303005095144,27.941176470588236,-2.620359779557038,-19.117647058823533,16.497287279266494,16.497287279266494
F6,2022-09-01,5563,Finance,56,28.06488509930332,35.294117647058826,-1.5181449516481216,7.3529411764705905,-8.871086128118712,8.871086128118712
F6,2022-10-01,5615,Finance,45,28.335239679733803,19.11764705882353,0.2703545804304852,-16.176470588235297,16.446825168665782,16.446825168665782
F6,2022-11-01,4822,Finance,41,24.212332328168863,13.235294117647058,-4.122907351564937,-5.882352941176471,1.7594455896115342,1.7594455896115342
F6,2022-12-01,4875,Finance,44,24.487886035146097,17.647058823529413,0.2755537069772309,4.411764705882355,-4.136210998905124,4.136210998905124
F6,2023-01-01,4274,Finance,39,21.363210980555262,10.294117647058824,-3.1246750545908313,-7.352941176470589,4.2282661218797575,4.2282661218797575
F6,2023-02-01,3722,Finance,39,18.493293126754704,10.294117647058824,-2.869917853800562,0.0,-2.869917853800562,2.869917853800562
F6,2023-03-01,4905,Finance,39,24.6438598315483,10.294117647058824,6.150566704793597,0.0,6.150566704793597,6.150566704793597
F6,2023-04-01,4182,Finance,36,20.884891338255173,5.882352941176471,-3.758968493293128,-4.411764705882353,0.6527962125892248,0.6527962125892248
F6,2023-05-01,4026,Finance,36,20.07382759696371,5.882352941176471,-0.8110637412914627,0.0,-0.8110637412914627,0.8110637412914627
F6,2023-06-01,4475,Finance,38,22.408235416450037,8.823529411764707,2.3344078194863265,2.9411764705882355,-0.606768651101909,0.606768651101909
F6,2023-07-01,3860,Finance,36,19.210772590204847,5.882352941176471,-3.1974628262451894,-2.9411764705882355,-0.2562863556569539,0.2562863556569539
F6,2023-08-01,4341,Finance,37,21.711552459186855,7.352941176470588,2.500779868982008,1.4705882352941169,1.030191633687891,1.030191633687891
F6,2023-09-01,4995,Finance,41,25.111781220754914,13.235294117647058,3.400228761568058,5.88235294117647,-2.4821241796084115,2.4821241796084115
F6,2023-10-01,5631,Finance,46,28.41842570448165,20.58823529411765,3.306644483726732,7.3529411764705905,-4.046296692743859,4.046296692743859
F6,2023-11-01,5012,Finance,40,25.200166372049495,11.764705882352942,-3.218259332432151,-8.823529411764707,5.605270079332556,5.605270079332556
F6,2023-12-01,165,Finance,42,0.0,14.705882352941176,-25.200166372049495,2.9411764705882337,-28.141342842637727,28.141342842637727
F7,2021-03-01,6833,Finance,1,0.3526929582888289,1.0,0.0714554214437319,1.0,-0.928544578556268,0.928544578556268
F7,2021-04-01,6849,Finance,1,0.353609788074795,1.0,0.000916829785966,0.0,0.000916829785966,0.000916829785966
F7,2021-05-01,6409,Finance,1,0.3283969689607276,1.0,-0.0252128191140673,0.0,-0.0252128191140673,0.0252128191140673
F7,2021-06-01,6198,Finance,0,0.3163062761582998,0.0,-0.0120906928024278,-1.0,0.9879093071975722,0.9879093071975722
F7,2021-07-01,7082,Finance,1,0.3669611218329261,1.0,0.0506548456746263,1.0,-0.9493451543253736,0.9493451543253736
F7,2021-08-01,6375,Finance,1,0.3264487056655497,1.0,-0.0405124161673764,0.0,-0.0405124161673764,0.0405124161673764
F7,2021-09-01,6792,Finance,1,0.3503435819622908,1.0,0.0238948762967411,0.0,0.0238948762967411,0.0238948762967411
F7,2021-10-01,6765,Finance,1,0.348796431698473,1.0,-0.0015471502638177,0.0,-0.0015471502638177,0.0015471502638177
F7,2021-11-01,6040,Finance,1,0.3072525820218847,1.0,-0.0415438496765883,0.0,-0.0415438496765883,0.0415438496765883
F7,2021-12-01,6024,Finance,1,0.3063357522359186,1.0,-0.000916829785966,0.0,-0.000916829785966,0.000916829785966
F7,2022-01-01,6970,Finance,1,0.3605433133311635,1.0,0.0542075610952448,0.0,0.0542075610952448,0.0542075610952448
F7,2022-02-01,7168,Finance,1,0.3718890819324938,1.0,0.0113457686013302,0.0,0.0113457686013302,0.0113457686013302
F7,2022-03-01,7597,Finance,1,0.3964715805687095,1.0,0.0245824986362157,0.0,0.0245824986362157,0.0245824986362157
F7,2022-04-01,7896,Finance,1,0.4136048371939507,1.0,0.0171332566252412,0.0,0.0171332566252412,0.0171332566252412
F7,2022-05-01,7976,Finance,1,0.4181889861237812,1.0,0.0045841489298304,0.0,0.0045841489298304,0.0045841489298304
F7,2022-06-01,7788,Finance,1,0.4074162361386796,1.0,-0.0107727499851015,0.0,-0.0107727499851015,0.0107727499851015
F7,2022-07-01,7427,Finance,1,0.3867302640928198,1.0,-0.0206859720458598,0.0,-0.0206859720458598,0.0206859720458598
F7,2022-08-01,8079,Finance,1,0.4240910778709378,1.0,0.037360813778118,0.0,0.037360813778118,0.037360813778118
F7,2022-09-01,7525,Finance,1,0.3923458465318621,1.0,-0.0317452313390757,0.0,-0.0317452313390757,0.0317452313390757
F7,2022-10-01,8012,Finance,1,0.4202518531422048,1.0,0.0279060066103427,0.0,0.0279060066103427,0.0279060066103427
F7,2022-11-01,6602,Finance,1,0.3394562282539435,1.0,-0.0807956248882613,0.0,-0.0807956248882613,0.0807956248882613
F7,2022-12-01,5969,Finance,1,0.3031841498466602,1.0,-0.0362720784072833,0.0,-0.0362720784072833,0.0362720784072833
F7,2023-01-01,7879,Finance,1,0.4126307055463618,1.0,0.1094465556997015,0.0,0.1094465556997015,0.1094465556997015
F7,2023-02-01,7292,Finance,1,0.378994512773731,1.0,-0.0336361927726308,0.0,-0.0336361927726308,0.0336361927726308
F7,2023-03-01,1745822,Finance,100,100.0,100.0,99.62100548722628,99.0,0.6210054872262702,0.6210054872262702
F7,2023-04-01,76939,Finance,5,4.3698972692224824,5.0,-95.63010273077752,-95.0,-0.6301027307775229,0.6301027307775229
F7,2023-05-01,56297,Finance,3,3.1870722416029853,3.0,-1.1828250276194971,-2.0,0.8171749723805029,0.8171749723805029
F7,2023-06-01,29940,Finance,2,1.6767670748087264,2.0,-1.5103051667942589,-1.0,-0.5103051667942589,0.5103051667942589
F7,2023-07-01,23306,Finance,1,1.2966265248025377,1.0,-0.3801405500061887,-1.0,0.6198594499938113,0.6198594499938113
F7,2023-08-01,21518,Finance,1,1.1941707962208277,1.0,-0.10245572858171,0.0,-0.10245572858171,0.10245572858171
F7,2023-09-01,20695,Finance,1,1.147011364105197,1.0,-0.0471594321156305,0.0,-0.0471594321156305,0.0471594321156305
F7,2023-10-01,21710,Finance,1,1.2051727536524206,1.0,0.0581613895472234,0.0,0.0581613895472234,0.0581613895472234
F7,2023-11-01,22574,Finance,1,1.2546815620945893,1.0,0.0495088084421686,0.0,0.0495088084421686,0.0495088084421686
F7,2023-12-01,678,Finance,1,0.0,1.0,-1.2546815620945893,0.0,-1.2546815620945893,1.2546815620945893
G2,2023-11-01,15117,Geopolitics,46,56.566815869008,29.87012987012987,-43.433184130992,-70.12987012987013,26.696685998878124,26.696685998878124
G2,2023-12-01,331,Geopolitics,23,0.0,0.0,-56.566815869008,-29.87012987012987,-26.696685998878127,26.696685998878127
G3,2021-03-01,1338873,Geopolitics,79,53.442472103335696,78.125,6.796184835057176,11.458333333333329,-4.662148498276153,4.662148498276153
G3,2021-04-01,1277062,Geopolitics,81,50.956606440061485,80.20833333333333,-2.485865663274211,2.0833333333333286,-4.56919899660754,4.56919899660754
G3,2021-05-01,1195838,Geopolitics,82,47.69000417454589,81.25,-3.266602265515594,1.0416666666666714,-4.308268932182266,4.308268932182266
G3,2021-06-01,999297,Geopolitics,70,39.78567447068126,68.75,-7.904329703864633,-12.5,4.595670296135367,4.595670296135367
G3,2021-07-01,972947,Geopolitics,78,38.72595111679157,77.08333333333333,-1.0597233538896873,8.333333333333329,-9.393056687223016,9.393056687223016
G3,2021-08-01,878245,Geopolitics,85,34.91730136119153,84.375,-3.808649755600044,7.291666666666671,-11.100316422266715,11.100316422266715
G3,2021-09-01,850416,Geopolitics,67,33.79809676098674,65.625,-1.1192046002047888,-18.75,17.63079539979521,17.63079539979521
G3,2021-10-01,725803,Geopolitics,52,28.786510184202843,50.0,-5.011586576783895,-15.625,10.613413423216103,10.613413423216103
G3,2021-11-01,703166,Geopolitics,56,27.876113312779665,54.166666666666664,-0.9103968714231812,4.166666666666664,-5.0770635380898455,5.0770635380898455
G3,2021-12-01,766485,Geopolitics,90,30.422626521316324,89.58333333333333,2.546513208536662,35.416666666666664,-32.870153458130005,32.870153458130005
G3,2022-01-01,825415,Geopolitics,100,32.792626416751595,100.0,2.369999895435271,10.416666666666671,-8.0466667712314,8.0466667712314
G3,2022-02-01,1425978,Geopolitics,45,56.94559175193385,42.708333333333336,24.15296533518225,-57.291666666666664,81.44463200184892,81.44463200184892
G3,2022-03-01,2496525,Geopolitics,32,100.0,29.166666666666668,43.05440824806615,-13.541666666666668,56.596074914732824,56.596074914732824
G3,2022-04-01,504334,Geopolitics,27,19.879645992073993,23.958333333333332,-80.12035400792601,-5.208333333333336,-74.91202067459267,74.91202067459267
G3,2022-05-01,517382,Geopolitics,22,20.404400083973524,18.75,0.5247540918995313,-5.208333333333332,5.733087425232863,5.733087425232863
G3,2022-06-01,434244,Geopolitics,25,17.060822087932507,21.875,-3.343577996041017,3.125,-6.468577996041017,6.468577996041017
G3,2022-07-01,419427,Geopolitics,27,16.46492376024433,23.958333333333332,-0.5958983276881789,2.083333333333332,-2.679231661021511,2.679231661021511
G3,2022-08-01,402913,Geopolitics,17,15.800776835533348,13.541666666666666,-0.6641469247109804,-10.416666666666666,9.752519741955686,9.752519741955686
G3,2022-09-01,371021,Geopolitics,14,14.518169731083637,10.416666666666666,-1.2826071044497116,-3.125,1.8423928955502884,1.8423928955502884
G3,2022-10-01,375157,Geopolitics,13,14.68450809129949,9.375,0.1663383602158532,-1.041666666666666,1.208005026882519,1.208005026882519
G3,2022-11-01,376347,Geopolitics,12,14.73236656534612,8.333333333333334,0.047858474046631,-1.041666666666666,1.089525140713297,1.089525140713297
G3,2022-12-01,370126,Geopolitics,15,14.48217533253596,11.458333333333334,-0.2501912328101614,3.125,-3.3751912328101614,3.3751912328101614
G3,2023-01-01,385786,Geopolitics,10,15.111976764107592,6.25,0.6298014315716323,-5.208333333333334,5.838134764904966,5.838134764904966
G3,2023-02-01,331251,Geopolitics,7,12.91873148500421,3.125,-2.1932452791033814,-3.125,0.9317547208966186,0.9317547208966186
G3,2023-03-01,400331,Geopolitics,7,15.696936012013683,3.125,2.778204527009473,0.0,2.778204527009473,2.778204527009473
G3,2023-04-01,331564,Geopolitics,7,12.931319470194628,3.125,-2.765616541819057,0.0,-2.765616541819057,2.765616541819057
G3,2023-05-01,537272,Geopolitics,5,21.20432029303864,1.0416666666666667,8.273000822844015,-2.083333333333333,10.356334156177349,10.356334156177349
G3,2023-06-01,334592,Geopolitics,4,13.053097167180509,0.0,-8.151223125858133,-1.0416666666666667,-7.109556459191466,7.109556459191466
G3,2023-07-01,334721,Geopolitics,4,13.058285186635985,0.0,0.005188019455474,0.0,0.005188019455474,0.005188019455474
G3,2023-08-01,333061,Geopolitics,6,12.991524626201189,2.0833333333333335,-0.0667605604347958,2.0833333333333335,-2.1500938937681293,2.1500938937681293
G3,2023-09-01,312914,Geopolitics,8,12.1812685954302,4.166666666666667,-0.8102560307709883,2.0833333333333335,-2.8935893641043218,2.8935893641043218
G3,2023-10-01,349638,Geopolitics,6,13.658205234832282,2.0833333333333335,1.4769366394020835,-2.0833333333333335,3.560269972735417,3.560269972735417
G3,2023-11-01,288811,Geopolitics,6,11.211913301357974,2.0833333333333335,-2.446291933474308,0.0,-2.446291933474308,2.446291933474308
G3,2023-12-01,10027,Geopolitics,8,0.0,4.166666666666667,-11.211913301357974,2.0833333333333335,-13.295246634691308,13.295246634691308
G4,2021-03-01,439183,Geopolitics,5,3.919698235562603,2.061855670103093,0.2326043860718787,1.0309278350515465,-0.7983234489796676,0.7983234489796676
G4,2021-04-01,553742,Geopolitics,7,4.9787970377886905,4.123711340206185,1.059098802226087,2.061855670103093,-1.0027568678770056,1.0027568678770056
G4,2021-05-01,432509,Geopolitics,4,3.857997056204745,1.0309278350515465,-1.1207999815839456,-3.092783505154639,1.9719835235706933,1.9719835235706933
G4,2021-06-01,612707,Geopolitics,8,5.523928898866923,5.154639175257732,1.665931842662178,4.123711340206186,-2.457779497544008,2.457779497544008
G4,2021-07-01,324620,Geopolitics,3,2.8605624533069345,0.0,-2.6633664455599884,-5.154639175257732,2.491272729697744,2.491272729697744
G4,2021-08-01,376725,Geopolitics,4,3.3422735636517373,1.0309278350515465,0.4817111103448028,1.0309278350515465,-0.5492167247067434,0.5492167247067434
G4,2021-09-01,376165,Geopolitics,3,3.337096359510233,0.0,-0.0051772041415043,-1.0309278350515465,1.025750630910042,1.025750630910042
G4,2021-10-01,358542,Geopolitics,4,3.174171594178566,1.0309278350515465,-0.1629247653316663,1.0309278350515465,-1.1938526003832126,1.1938526003832126
G4,2021-11-01,324905,Geopolitics,3,2.8631972804146644,0.0,-0.3109743137639023,-1.0309278350515465,0.719953521287644,0.719953521287644
G4,2021-12-01,476660,Geopolitics,5,4.266173377725393,2.061855670103093,1.402976097310729,2.061855670103093,-0.6588795727923635,0.6588795727923635
G4,2022-01-01,727515,Geopolitics,7,6.5853297079345,4.123711340206185,2.3191563302091067,2.061855670103093,0.2573006601060141,0.2573006601060141
G4,2022-02-01,8150431,Geopolitics,100,75.21024302443391,100.0,68.6249133164994,95.8762886597938,-27.251375343294413,27.251375343294413
G4,2022-03-01,10831852,Geopolitics,83,100.0,82.47422680412372,24.789756975566092,-17.525773195876283,42.315530171442376,42.315530171442376
G4,2022-04-01,1360879,Geopolitics,24,12.44078457200562,21.649484536082475,-87.55921542799439,-60.82474226804124,-26.734473159953147,26.734473159953147
G4,2022-05-01,895078,Geopolitics,23,8.134450882153983,20.61855670103093,-4.306333689851636,-1.0309278350515465,-3.2754058548000895,3.2754058548000895
G4,2022-06-01,523054,Geopolitics,9,4.695086250834247,6.185567010309279,-3.4393646313197364,-14.432989690721651,10.993625059401914,10.993625059401914
G4,2022-07-01,544539,Geopolitics,8,4.893715234727502,5.154639175257732,0.1986289838932551,-1.0309278350515465,1.2295568189448014,1.2295568189448014
G4,2022-08-01,612935,Geopolitics,6,5.526036760553106,3.0927835051546393,0.6323215258256045,-2.061855670103093,2.6941771959286975,2.6941771959286975
G4,2022-09-01,992380,Geopolitics,11,9.034008591755171,8.24742268041237,3.5079718312020667,5.154639175257731,-1.6466673440556647,1.6466673440556647
G4,2022-10-01,1028799,Geopolitics,11,9.370702516093475,8.24742268041237,0.336693924338304,0.0,0.336693924338304,0.336693924338304
G4,2022-11-01,634329,Geopolitics,6,5.723824448773367,3.0927835051546393,-3.6468780673201096,-5.154639175257731,1.507761107937622,1.507761107937622
G4,2022-12-01,499810,Geopolitics,7,4.480195298932229,4.123711340206185,-1.243629149841138,1.0309278350515458,-2.274556984892684,2.274556984892684
G4,2023-01-01,578630,Geopolitics,8,5.208886781848981,5.154639175257732,0.7286914829167515,1.0309278350515472,-0.3022363521347957,0.3022363521347957
G4,2023-02-01,688965,Geopolitics,8,6.228934672836291,5.154639175257732,1.0200478909873103,0.0,1.0200478909873103,1.0200478909873103
G4,2023-03-01,928537,Geopolitics,9,8.44377958460148,6.185567010309279,2.214844911765188,1.0309278350515465,1.1839170767136418,1.1839170767136418
G4,2023-04-01,506580,Geopolitics,6,4.54278399900006,3.0927835051546393,-3.90099558560142,-3.0927835051546393,-0.8082120804467805,0.8082120804467805
G4,2023-05-01,608887,Geopolitics,7,5.488612970615946,4.123711340206185,0.945828971615886,1.0309278350515458,-0.0850988634356597,0.0850988634356597
G4,2023-06-01,937829,Geopolitics,12,8.52968419332087,9.278350515463918,3.0410712227049244,5.154639175257733,-2.113567952552809,2.113567952552809
G4,2023-07-01,696412,Geopolitics,12,6.297782242910905,9.278350515463918,-2.2319019504099646,0.0,-2.2319019504099646,2.2319019504099646
G4,2023-08-01,644779,Geopolitics,7,5.820434776056799,4.123711340206185,-0.4773474668541064,-5.154639175257733,4.677291708403627,4.677291708403627
G4,2023-09-01,509377,Geopolitics,5,4.568642284685396,2.061855670103093,-1.2517924913714031,-2.061855670103093,0.8100631787316894,0.8100631787316894
G4,2023-10-01,817038,Geopolitics,10,7.412970505005755,7.216494845360825,2.8443282203203593,5.154639175257732,-2.310310954937373,2.310310954937373
G4,2023-11-01,606648,Geopolitics,6,5.467913399057323,3.0927835051546393,-1.9450571059484316,-4.123711340206185,2.1786542342577535,2.1786542342577535
G4,2023-12-01,15203,Geopolitics,6,0.0,3.0927835051546393,-5.467913399057323,0.0,-5.467913399057323,5.467913399057323
G5,2021-03-01,12977181,Geopolitics,17,48.431736862243106,40.0,-28.43851660971908,-60.0,31.56148339028092,31.56148339028092
G5,2021-04-01,13581508,Geopolitics,14,50.718622580547624,25.0,2.286885718304518,-15.0,17.286885718304518,17.286885718304518
G5,2021-05-01,14513085,Geopolitics,15,54.24388313783031,30.0,3.525260557282685,5.0,-1.4747394427173148,1.4747394427173148
G5,2021-06-01,13880604,Geopolitics,15,51.85045744942161,30.0,-2.3934256884086977,0.0,-2.3934256884086977,2.3934256884086977
G5,2021-07-01,26200166,Geopolitics,13,98.46997038458264,20.0,46.61951293516104,-10.0,56.61951293516104,56.61951293516104
G5,2021-08-01,26604488,Geopolitics,13,100.0,20.0,1.530029615417348,0.0,1.530029615417348,1.530029615417348
G5,2021-09-01,22407628,Geopolitics,13,84.11830152264668,20.0,-15.881698477353323,0.0,-15.881698477353323,15.881698477353323
G5,2021-10-01,15101521,Geopolitics,12,56.470634357842385,15.0,-27.64766716480429,-5.0,-22.64766716480429,22.64766716480429
G5,2021-11-01,14288110,Geopolitics,11,53.39253591277573,10.0,-3.078098445066658,-5.0,1.921901554933342,1.921901554933342
G5,2021-12-01,14636570,Geopolitics,11,54.711173334900494,10.0,1.318637422124766,0.0,1.318637422124766,1.318637422124766
G5,2022-01-01,14089045,Geopolitics,11,52.63923694464376,10.0,-2.071936390256738,0.0,-2.071936390256738,2.071936390256738
G5,2022-02-01,11135463,Geopolitics,13,41.462333556839965,20.0,-11.17690338780379,10.0,-21.17690338780379,21.17690338780379
G5,2022-03-01,9476205,Geopolitics,12,35.183392812536766,15.0,-6.278940744303199,-5.0,-1.278940744303199,1.278940744303199
G5,2022-04-01,11416319,Geopolitics,11,42.525144874719416,10.0,7.34175206218265,-5.0,12.34175206218265,12.34175206218265
G5,2022-05-01,11991042,Geopolitics,9,44.70000355335057,0.0,2.1748586786311535,-10.0,12.174858678631152,12.174858678631152
G5,2022-06-01,9768502,Geopolitics,11,36.2894990014101,10.0,-8.41050455194047,10.0,-18.41050455194047,18.41050455194047
G5,2022-07-01,11003878,Geopolitics,17,40.9643914539005,40.0,4.674892452490397,30.0,-25.325107547509603,25.325107547509603
G5,2022-08-01,10583384,Geopolitics,16,39.37316398395006,35.0,-1.5912274699504394,-5.0,3.4087725300495606,3.4087725300495606
G5,2022-09-01,10014070,Geopolitics,12,37.21877396690495,15.0,-2.1543900170451096,-20.0,17.84560998295489,17.84560998295489
G5,2022-10-01,9214328,Geopolitics,11,34.19240155903918,10.0,-3.026372407865765,-5.0,1.9736275921342352,1.9736275921342352
G5,2022-11-01,9648113,Geopolitics,20,35.83392464391662,55.0,1.6415230848774345,45.0,-43.358476915122566,43.358476915122566
G5,2022-12-01,5081183,Geopolitics,12,18.551812486928004,15.0,-17.282112156988614,-40.0,22.717887843011383,22.717887843011383
G5,2023-01-01,2225739,Geopolitics,9,7.746281535939,0.0,-10.805530950989002,-15.0,4.194469049010998,4.194469049010998
G5,2023-02-01,2161233,Geopolitics,9,7.502178839642208,0.0,-0.2441026962967925,0.0,-0.2441026962967925,0.2441026962967925
G5,2023-03-01,3359284,Geopolitics,21,12.035826553049764,60.0,4.533647713407556,60.0,-55.466352286592446,55.466352286592446
G5,2023-04-01,3428222,Geopolitics,25,12.296700761298736,80.0,0.260874208248973,20.0,-19.73912579175103,19.73912579175103
G5,2023-05-01,3426707,Geopolitics,11,12.290967719645408,10.0,-0.0057330416533289,-70.0,69.99426695834667,69.99426695834667
G5,2023-06-01,5059463,Geopolitics,15,18.469619968967404,30.0,6.1786522493219955,20.0,-13.821347750678004,13.821347750678004
G5,2023-07-01,5310465,Geopolitics,9,19.41945820069604,0.0,0.9498382317286378,-30.0,30.94983823172864,30.94983823172864
G5,2023-08-01,6125031,Geopolitics,26,22.501927380488503,85.0,3.0824691797924615,85.0,-81.91753082020753,81.91753082020753
G5,2023-09-01,5153307,Geopolitics,13,18.82474311148556,20.0,-3.677184269002943,-65.0,61.32281573099706,61.32281573099706
G5,2023-10-01,6108442,Geopolitics,12,22.43915152043103,15.0,3.6144084089454687,-5.0,8.614408408945469,8.614408408945469
G5,2023-11-01,6916559,Geopolitics,11,25.49721648529127,10.0,3.0580649648602396,-5.0,8.05806496486024,8.05806496486024
G5,2023-12-01,178725,Geopolitics,12,0.0,15.0,-25.49721648529127,5.0,-30.49721648529127,30.49721648529127
G6,2021-03-01,449876,Geopolitics,33,20.82545500613914,1.4705882352941178,4.184761021164558,1.4705882352941178,2.7141727858704403,2.7141727858704403
G6,2021-04-01,537188,Geopolitics,37,24.983878203998582,7.352941176470588,4.158423197859445,5.88235294117647,-1.7239297433170249,1.7239297433170249
G6,2021-05-01,744304,Geopolitics,41,34.84822650718551,13.235294117647058,9.864348303186922,5.88235294117647,3.981995362010452,3.981995362010452
G6,2021-06-01,480643,Geopolitics,37,22.290800050675305,7.352941176470588,-12.557426456510203,-5.88235294117647,-6.675073515333733,6.675073515333733
G6,2021-07-01,598713,Geopolitics,37,27.91413964856866,7.352941176470588,5.623339597893356,0.0,5.623339597893356,5.623339597893356
G6,2021-08-01,597386,Geopolitics,36,27.850938398069765,5.882352941176471,-0.0632012504988956,-1.4705882352941169,1.4073869847952212,1.4073869847952212
G6,2021-09-01,463763,Geopolitics,36,21.486853473115893,5.882352941176471,-6.364084924953872,0.0,-6.364084924953872,6.364084924953872
G6,2021-10-01,978231,Geopolitics,46,45.98950678258484,20.58823529411765,24.502653309468947,14.705882352941178,9.79677095652777,9.79677095652777
G6,2021-11-01,496088,Geopolitics,36,23.026401643708784,5.882352941176471,-22.963105138876056,-14.705882352941178,-8.257222785934879,8.257222785934879
G6,2021-12-01,442599,Geopolitics,37,20.478872112483938,7.352941176470588,-2.5475295312248463,1.4705882352941169,-4.018117766518963,4.018117766518963
G6,2022-01-01,453955,Geopolitics,38,21.019726219993693,8.823529411764707,0.5408541075097553,1.4705882352941186,-0.9297341277843634,0.9297341277843634
G6,2022-02-01,671278,Geopolitics,59,31.370205015902712,39.705882352941174,10.35047879590902,30.882352941176467,-20.531874145267448,20.531874145267448
G6,2022-03-01,717247,Geopolitics,49,33.55957825191152,25.0,2.189373236008805,-14.705882352941174,16.89525558894998,16.89525558894998
G6,2022-04-01,434777,Geopolitics,42,20.10633241285895,14.705882352941176,-13.453245839052563,-10.294117647058824,-3.159128191993739,3.159128191993739
G6,2022-05-01,516929,Geopolitics,42,24.01899942942654,14.705882352941176,3.9126670165675854,0.0,3.9126670165675854,3.9126670165675854
G6,2022-06-01,437695,Geopolitics,44,20.24530848592284,17.647058823529413,-3.773690943503702,2.9411764705882373,-6.714867414091939,6.714867414091939
G6,2022-07-01,556005,Geopolitics,46,25.88007860387628,20.58823529411765,5.634770117953444,2.9411764705882355,2.6935936473652085,2.6935936473652085
G6,2022-08-01,2112258,Geopolitics,100,100.0,100.0,74.11992139612371,79.41176470588235,-5.291843309758633,5.291843309758633
G6,2022-09-01,522997,Geopolitics,50,24.30800107827906,26.470588235294116,-75.69199892172094,-73.52941176470588,-2.1625871570150537,2.1625871570150537
G6,2022-10-01,531993,Geopolitics,43,24.736455071864633,16.176470588235293,0.428453993585574,-10.294117647058822,10.722571640644396,10.722571640644396
G6,2022-11-01,478385,Geopolitics,41,22.18325790777666,13.235294117647058,-2.5531971640879725,-2.9411764705882355,0.387979306500263,0.387979306500263
G6,2022-12-01,395126,Geopolitics,41,18.217867617431924,13.235294117647058,-3.965390290344736,0.0,-3.965390290344736,3.965390290344736
G6,2023-01-01,447961,Geopolitics,41,20.734248981493035,13.235294117647058,2.516381364061111,0.0,2.516381364061111,2.516381364061111
G6,2023-02-01,445141,Geopolitics,46,20.59994037078702,20.58823529411765,-0.1343086107060145,7.3529411764705905,-7.487249787176605,7.487249787176605
G6,2023-03-01,590805,Geopolitics,46,27.537504012588812,20.58823529411765,6.937563641801791,0.0,6.937563641801791,6.937563641801791
G6,2023-04-01,660469,Geopolitics,57,30.85540296869657,36.76470588235294,3.317898956107758,16.176470588235293,-12.858571632127536,12.858571632127536
G6,2023-05-01,440022,Geopolitics,47,20.35613690333876,22.058823529411764,-10.499266065357808,-14.705882352941178,4.206616287583369,4.206616287583369
G6,2023-06-01,467022,Geopolitics,48,21.642070410098484,23.529411764705884,1.2859335067597222,1.4705882352941195,-0.1846547285343973,0.1846547285343973
G6,2023-07-01,459001,Geopolitics,48,21.260052904257012,23.529411764705884,-0.3820175058414712,0.0,-0.3820175058414712,0.3820175058414712
G6,2023-08-01,465691,Geopolitics,47,21.57867865093192,22.058823529411764,0.3186257466749076,-1.4705882352941195,1.7892139819690271,1.7892139819690271
G6,2023-09-01,450503,Geopolitics,49,20.85531723979612,25.0,-0.7233614111358015,2.9411764705882355,-3.664537881724037,3.664537881724037
G6,2023-10-01,443445,Geopolitics,46,20.519164695695743,20.58823529411765,-0.3361525441003756,-4.4117647058823515,4.075612161781976,4.075612161781976
G6,2023-11-01,436240,Geopolitics,43,20.17601095805857,16.176470588235293,-0.3431537376371771,-4.411764705882355,4.068610968245178,4.068610968245178
G6,2023-12-01,12616,Geopolitics,43,0.0,16.176470588235293,-20.17601095805857,0.0,-20.17601095805857,20.17601095805857
G7,2021-03-01,295727,Geopolitics,14,28.65613143981545,0.0,5.032345200096728,-1.162790697674419,6.195135897771147,6.195135897771147
G7,2021-04-01,272414,Geopolitics,15,26.316861547291623,1.162790697674419,-2.339269892523827,1.162790697674419,-3.502060590198246,3.502060590198246
G7,2021-05-01,281518,Geopolitics,14,27.230373883822185,0.0,0.9135123365305589,-1.162790697674419,2.0763030342049777,2.0763030342049777
G7,2021-06-01,287085,Geopolitics,14,27.788977044791604,0.0,0.5586031609694224,0.0,0.5586031609694224,0.5586031609694224
G7,2021-07-01,326942,Geopolitics,21,31.7883027474606,8.13953488372093,3.999325702668994,8.13953488372093,-4.140209181051937,4.140209181051937
G7,2021-08-01,280738,Geopolitics,16,27.15210722933033,2.3255813953488373,-4.636195518130268,-5.813953488372093,1.1777579702418244,1.1777579702418244
G7,2021-09-01,325501,Geopolitics,18,31.643710120380135,4.651162790697675,4.491602891049805,2.3255813953488373,2.1660214957009676,2.1660214957009676
G7,2021-10-01,341787,Geopolitics,21,33.27787772942415,8.13953488372093,1.6341676090440131,3.488372093023256,-1.8542044839792424,1.8542044839792424
G7,2021-11-01,404106,Geopolitics,27,39.531082397729065,15.116279069767442,6.253204668304917,6.976744186046512,-0.7235395177415942,0.7235395177415942
G7,2021-12-01,291712,Geopolitics,18,28.25325885291187,4.651162790697675,-11.277823544817196,-10.465116279069768,-0.8127072657474272,0.8127072657474272
G7,2022-01-01,290609,Geopolitics,18,28.14258177611121,4.651162790697675,-0.110677076800659,0.0,-0.110677076800659,0.110677076800659
G7,2022-02-01,479959,Geopolitics,41,47.142313863332376,31.3953488372093,18.999732087221165,26.744186046511626,-7.74445395929046,7.74445395929046
G7,2022-03-01,457588,Geopolitics,34,44.89756600738717,23.25581395348837,-2.2447478559452065,-8.13953488372093,5.894787027775724,5.894787027775724
G7,2022-04-01,247722,Geopolitics,20,23.839220223300785,6.976744186046512,-21.058345784086384,-16.27906976744186,-4.779276016644523,4.779276016644523
G7,2022-05-01,258560,Geopolitics,27,24.92672535327862,15.116279069767442,1.0875051299778349,8.13953488372093,-7.052029753743096,7.052029753743096
G7,2022-06-01,204705,Geopolitics,15,19.522814228075053,1.162790697674419,-5.403911125203567,-13.953488372093023,8.549577246889456,8.549577246889456
G7,2022-07-01,261997,Geopolitics,17,25.271600342366444,3.488372093023256,5.748786114291391,2.325581395348837,3.4232047189425545,3.4232047189425545
G7,2022-08-01,345234,Geopolitics,21,33.623756137159305,8.13953488372093,8.35215579479286,4.651162790697675,3.700993004095186,3.700993004095186
G7,2022-09-01,655308,Geopolitics,100,64.73715950242476,100.0,31.113403365265455,91.86046511627907,-60.74706175101362,60.74706175101362
G7,2022-10-01,1006735,Geopolitics,67,100.0,61.627906976744185,35.26284049757524,-38.372093023255815,73.63493352083105,73.63493352083105
G7,2022-11-01,482583,Geopolitics,49,47.40561091639215,40.69767441860465,-52.59438908360785,-20.930232558139537,-31.66415652546831,31.66415652546831
G7,2022-12-01,283320,Geopolitics,21,27.411189924071312,8.13953488372093,-19.994420992320837,-32.55813953488372,12.563718542562883,12.563718542562883
G7,2023-01-01,232793,Geopolitics,15,22.34121652469965,1.162790697674419,-5.069973399371662,-6.976744186046512,1.9067707866748496,1.9067707866748496
G7,2023-02-01,263658,Geopolitics,18,25.4382681796882,4.651162790697675,3.0970516549885474,3.488372093023256,-0.3913204380347084,0.3913204380347084
G7,2023-03-01,509986,Geopolitics,42,50.155279035674546,32.55813953488372,24.71701085598635,27.906976744186046,-3.1899658881996977,3.1899658881996977
G7,2023-04-01,282783,Geopolitics,25,27.357306342709613,12.790697674418604,-22.797972692964933,-19.76744186046512,-3.0305308324998137,3.0305308324998137
G7,2023-05-01,236838,Geopolitics,14,22.747099367545225,0.0,-4.610206975164388,-12.790697674418604,8.180490699254216,8.180490699254216
G7,2023-06-01,326259,Geopolitics,35,31.71976925384786,24.41860465116279,8.972669886302636,24.41860465116279,-15.445934764860157,15.445934764860157
G7,2023-07-01,284719,Geopolitics,27,27.55156819283298,15.116279069767442,-4.16820106101488,-9.30232558139535,5.134124520380469,5.134124520380469
G7,2023-08-01,292173,Geopolitics,21,28.299516452553853,8.13953488372093,0.7479482597208715,-6.976744186046512,7.724692445767383,7.724692445767383
G7,2023-09-01,297890,Geopolitics,20,28.873170893233247,6.976744186046512,0.5736544406793946,-1.162790697674419,1.7364451383538135,1.7364451383538135
G7,2023-10-01,288755,Geopolitics,17,27.956547958895957,3.488372093023256,-0.9166229343372904,-3.488372093023256,2.5717491586859653,2.5717491586859653
G7,2023-11-01,422132,Geopolitics,39,41.33984485140875,29.069767441860463,13.383296892512792,25.58139534883721,-12.198098456324416,12.198098456324416
G7,2023-12-01,10142,Geopolitics,20,0.0,6.976744186046512,-41.33984485140875,-22.093023255813954,-19.246821595594795,19.246821595594795
M1,2021-03-01,649398,Media,78,62.50584973553296,33.333333333333336,6.428711878404151,-33.333333333333336,39.76204521173749,39.76204521173749
M1,2021-04-01,534818,Media,84,51.240930452051835,51.51515151515152,-11.264919283481127,18.18181818181818,-29.446737465299307,29.446737465299307
M1,2021-05-01,439429,Media,83,41.86277208643845,48.48484848484848,-9.378158365613388,-3.030303030303031,-6.347855335310356,6.347855335310356
M1,2021-06-01,406464,Media,78,38.62182197141003,33.333333333333336,-3.2409501150284186,-15.151515151515149,11.91056503648673,11.91056503648673
M1,2021-07-01,1014227,Media,80,98.37397015160155,39.39393939393939,59.752148180191526,6.060606060606055,53.69154211958547,53.69154211958547
M1,2021-08-01,922064,Media,76,89.31297559824607,27.272727272727273,-9.060994553355483,-12.121212121212118,3.060217567856633,3.060217567856633
M1,2021-09-01,972743,Media,72,94.29547554908862,15.151515151515152,4.982499950842552,-12.12121212121212,17.103712072054673,17.103712072054673
M1,2021-10-01,1018991,Media,84,98.84234225377038,51.51515151515152,4.5468667046817615,36.36363636363636,-31.8167696589546,31.8167696589546
M1,2021-11-01,870718,Media,78,84.26489962050455,33.333333333333336,-14.577442633265832,-18.18181818181818,3.604375548552348,3.604375548552348
M1,2021-12-01,891653,Media,84,86.32312169416207,51.51515151515152,2.058222073657518,18.18181818181818,-16.123596108160662,16.123596108160662
M1,2022-01-01,1016612,Media,100,98.60845114733468,100.0,12.285329453172608,48.48484848484848,-36.19951903167588,36.19951903167588
M1,2022-02-01,855205,Media,86,82.73974084196865,57.57575757575758,-15.868710305366022,-42.42424242424242,26.5555321188764,26.5555321188764
M1,2022-03-01,840193,Media,76,81.26383781976915,27.272727272727273,-1.475903022199503,-30.303030303030305,28.8271272808308,28.8271272808308
M1,2022-04-01,863348,Media,79,83.54031893348015,36.36363636363637,2.276481113711,9.090909090909092,-6.814427977198093,6.814427977198093
M1,2022-05-01,859842,Media,72,83.1956269540083,15.151515151515152,-0.3446919794718468,-21.212121212121215,20.867429232649368,20.867429232649368
M1,2022-06-01,879682,Media,75,85.14619423088267,24.24242424242424,1.9505672768743665,9.09090909090909,-7.1403418140347235,7.1403418140347235
M1,2022-07-01,988254,Media,84,95.82043769785872,51.51515151515152,10.674243466976035,27.272727272727273,-16.598483805751236,16.598483805751236
M1,2022-08-01,938087,Media,77,90.88827496706452,30.303030303030305,-4.9321627307941895,-21.21212121212121,16.27995848132702,16.27995848132702
M1,2022-09-01,877379,Media,76,84.9197750555479,27.272727272727273,-5.968499911516616,-3.030303030303031,-2.9381968812135852,2.9381968812135852
M1,2022-10-01,884930,Media,79,85.66215073637848,36.36363636363637,0.7423756808305768,9.090909090909092,-8.348533410078517,8.348533410078517
M1,2022-11-01,1030766,Media,74,100.0,21.21212121212121,14.33784926362152,-15.151515151515156,29.489364415136677,29.489364415136677
M1,2022-12-01,910508,Media,86,88.17684881137306,57.57575757575758,-11.823151188626936,36.36363636363637,-48.186787552263304,48.186787552263304
M1,2023-01-01,930250,Media,85,90.11778122972257,54.54545454545455,1.9409324183494905,-3.030303030303031,4.971235448652521,4.971235448652521
M1,2023-02-01,689671,Media,81,66.46528501484555,42.42424242424242,-23.652496214877004,-12.121212121212125,-11.53128409366488,11.53128409366488
M1,2023-03-01,732916,Media,69,70.71691212615765,6.0606060606060606,4.251627111312104,-36.36363636363636,40.61526347494846,40.61526347494846
M1,2023-04-01,720221,Media,73,69.46880468765362,18.181818181818183,-1.2481074385040358,12.121212121212125,-13.36931955971616,13.36931955971616
M1,2023-05-01,853989,Media,68,82.62018994435378,3.0303030303030303,13.151385256700166,-15.151515151515152,28.30290040821532,28.30290040821532
M1,2023-06-01,700697,Media,75,67.54930491377785,24.24242424242424,-15.070885030575935,21.21212121212121,-36.28300624269715,36.28300624269715
M1,2023-07-01,864944,Media,76,83.69722948659968,27.272727272727273,16.147924572821836,3.030303030303031,13.117621542518805,13.117621542518805
M1,2023-08-01,683842,Media,70,65.89220756238079,9.090909090909092,-17.80502192421889,-18.18181818181818,0.3767962575992882,0.3767962575992882
M1,2023-09-01,610201,Media,76,58.65220127022829,27.272727272727273,-7.240006292152501,18.18181818181818,-25.42182447397068,25.42182447397068
M1,2023-10-01,458516,Media,70,43.739308256483866,9.090909090909092,-14.912893013744425,-18.18181818181818,3.268925168073757,3.268925168073757
M1,2023-11-01,431750,Media,67,41.10781210059579,0.0,-2.6314961558880796,-9.090909090909092,6.459412935021012,6.459412935021012
M1,2023-12-01,13626,Media,78,0.0,33.333333333333336,-41.10781210059579,33.333333333333336,-74.44114543392912,74.44114543392912
M2,2021-03-01,219041,Media,78,73.6527784584579,33.333333333333336,7.723113329739348,6.060606060606062,1.662507269133286,1.662507269133286
M2,2021-04-01,197569,Media,75,66.1362029251353,24.24242424242424,-7.516575533322609,-9.090909090909092,1.5743335575864847,1.5743335575864847
M2,2021-05-01,202235,Media,67,67.7696018371362,0.0,1.6333989120008994,-24.24242424242424,25.87582315442514,25.87582315442514
M2,2021-06-01,184676,Media,79,61.62282697733685,36.36363636363637,-6.1467748597993435,36.36363636363637,-42.51041122343571,42.51041122343571
M2,2021-07-01,218810,Media,88,73.57191366019981,63.63636363636363,11.949086682862962,27.272727272727263,-15.323640589864304,15.323640589864304
M2,2021-08-01,219889,Media,77,73.94963278279926,30.303030303030305,0.3777191225994443,-33.33333333333333,33.71105245593277,33.71105245593277
M2,2021-09-01,212919,Media,77,71.50968627258789,30.303030303030305,-2.439946510211371,0.0,-2.439946510211371,2.439946510211371
M2,2021-10-01,219490,Media,75,73.80995722217166,24.24242424242424,2.3002709495837763,-6.060606060606062,8.360877010189839,8.360877010189839
M2,2021-11-01,199684,Media,83,66.87658841568008,48.48484848484848,-6.933368806491586,24.24242424242424,-31.17579304891583,31.17579304891583
M2,2021-12-01,216685,Media,91,72.82802752903781,72.72727272727273,5.951439113357736,24.24242424242425,-18.290985129066513,18.290985129066513
M2,2022-01-01,248676,Media,95,84.02692692762776,84.84848484848484,11.198899398589944,12.12121212121211,-0.9223127226221663,0.9223127226221663
M2,2022-02-01,211473,Media,87,71.003493639336,60.60606060606061,-13.023433288291756,-24.242424242424235,11.21899095413248,11.21899095413248
M2,2022-03-01,237304,Media,87,80.04599841771044,60.60606060606061,9.042504778374436,0.0,9.042504778374436,9.042504778374436
M2,2022-04-01,291250,Media,92,98.93055429143531,75.75757575757575,18.884555873724892,15.151515151515142,3.7330407222097506,3.7330407222097506
M2,2022-05-01,242410,Media,80,81.83342551686958,39.39393939393939,-17.097128774565746,-36.36363636363636,19.266507589070613,19.266507589070613
M2,2022-06-01,215559,Media,90,72.43385539553738,69.6969696969697,-9.399570121332204,30.30303030303031,-39.702600424362515,39.702600424362515
M2,2022-07-01,267608,Media,85,90.6543397441732,54.54545454545455,18.220484348635807,-15.151515151515156,33.37199950015096,33.37199950015096
M2,2022-08-01,212906,Media,80,71.50513543978548,39.39393939393939,-19.14920430438771,-15.151515151515156,-3.997689152872553,3.997689152872553
M2,2022-09-01,228452,Media,100,76.94723134333583,100.0,5.442095903550353,60.60606060606061,-55.163964702510256,55.163964702510256
M2,2022-10-01,237316,Media,86,80.05019918645112,57.57575757575758,3.1029678431152945,-42.42424242424242,45.52721026735772,45.52721026735772
M2,2022-11-01,294305,Media,84,100.0,51.51515151515152,19.949800813548876,-6.060606060606062,26.01040687415494,26.01040687415494
M2,2022-12-01,233942,Media,89,78.86908304219672,66.66666666666667,-21.13091695780328,15.151515151515156,-36.282432109318435,36.282432109318435
M2,2023-01-01,238454,Media,87,80.44857208869223,60.60606060606061,1.5794890464955105,-6.060606060606062,7.640095107101573,7.640095107101573
M2,2023-02-01,235835,Media,82,79.53175431103892,45.45454545454545,-0.9168177776533072,-15.151515151515156,14.234697373861849,14.234697373861849
M2,2023-03-01,236924,Media,76,79.91297407425559,27.272727272727273,0.3812197632166629,-18.18181818181818,18.563037945034843,18.563037945034843
M2,2023-04-01,246115,Media,81,83.13041286555439,42.42424242424242,3.217438791298804,15.151515151515149,-11.934076360216345,11.934076360216345
M2,2023-05-01,238958,Media,76,80.62500437580077,27.272727272727273,-2.50540848975362,-15.151515151515149,12.646106661761529,12.646106661761529
M2,2023-06-01,210933,Media,79,70.81445904600542,36.36363636363637,-9.810545329795346,9.090909090909092,-18.90145442070444,18.90145442070444
M2,2023-07-01,244407,Media,79,82.53250344813101,36.36363636363637,11.718044402125583,0.0,11.718044402125583,11.718044402125583
M2,2023-08-01,259821,Media,76,87.92839089553388,27.272727272727273,5.39588744740287,-9.090909090909092,14.486796538311964,14.486796538311964
M2,2023-09-01,210127,Media,79,70.53230741225644,36.36363636363637,-17.396083483277437,9.090909090909092,-26.48699257418653,26.48699257418653
M2,2023-10-01,280003,Media,95,94.99338378923343,84.84848484848484,24.46107637697699,48.48484848484848,-24.023772107871487,24.023772107871487
M2,2023-11-01,231024,Media,88,77.84759611008815,63.63636363636363,-17.145787679145286,-21.21212121212121,4.066333532975925,4.066333532975925
M2,2023-12-01,8643,Media,88,0.0,63.63636363636363,-77.84759611008815,0.0,-77.84759611008815,77.84759611008815
M3,2021-03-01,866319,Media,17,23.88784338558083,4.597701149425287,6.5715219128797315,1.1494252873563218,5.42209662552341,5.42209662552341
M3,2021-04-01,829771,Media,18,22.80435411612083,5.747126436781609,-1.0834892694599991,1.1494252873563218,-2.232914556816321,2.232914556816321
M3,2021-05-01,641239,Media,14,17.21520015558038,1.1494252873563218,-5.58915396054045,-4.597701149425287,-0.9914528111151631,0.9914528111151631
M3,2021-06-01,573933,Media,13,15.219869938597927,0.0,-1.9953302169824525,-1.1494252873563218,-0.8459049296261307,0.8459049296261307
M3,2021-07-01,544678,Media,13,14.352586405215735,0.0,-0.8672835333821904,0.0,-0.8672835333821904,0.8672835333821904
M3,2021-08-01,518744,Media,14,13.583756080323116,1.1494252873563218,-0.7688303248926225,1.1494252873563218,-1.9182556122489445,1.9182556122489445
M3,2021-09-01,507087,Media,13,13.238176721285814,0.0,-0.3455793590373002,-1.1494252873563218,0.8038459283190216,0.8038459283190216
M3,2021-10-01,544143,Media,13,14.336725981686104,0.0,1.0985492604002882,0.0,1.0985492604002882,1.0985492604002882
M3,2021-11-01,1586887,Media,45,45.24955116483694,36.7816091954023,30.912825183150836,36.7816091954023,-5.86878401225146,5.86878401225146
M3,2021-12-01,640727,Media,21,17.20002158203426,9.195402298850574,-28.049529582802677,-27.58620689655172,-0.4633226862509545,0.4633226862509545
M3,2022-01-01,567430,Media,18,15.027084267171354,5.747126436781609,-2.1729373148629065,-3.4482758620689653,1.2753385472060588,1.2753385472060588
M3,2022-02-01,468097,Media,17,12.082292770967184,4.597701149425287,-2.9447914962041697,-1.1494252873563218,-1.795366208847848,1.795366208847848
M3,2022-03-01,532982,Media,15,14.005850865771604,2.2988505747126435,1.92355809480442,-2.2988505747126435,4.222408669517064,4.222408669517064
M3,2022-04-01,465894,Media,18,12.016983400806836,5.747126436781609,-1.988867464964768,3.4482758620689653,-5.437143327033733,5.437143327033733
M3,2022-05-01,756353,Media,20,20.627829677431595,8.045977011494253,8.610846276624759,2.2988505747126444,6.311995701912115,6.311995701912115
M3,2022-06-01,431661,Media,15,11.002123814470398,2.2988505747126435,-9.625705862961198,-5.74712643678161,-3.878579426179588,3.878579426179588
M3,2022-07-01,466699,Media,16,12.040848150229932,3.4482758620689653,1.0387243357595342,1.1494252873563218,-0.1107009515967876,0.1107009515967876
M3,2022-08-01,644818,Media,19,17.32130194214592,6.896551724137931,5.280453791915987,3.4482758620689653,1.832177929847021,1.832177929847021
M3,2022-09-01,628437,Media,20,16.835676525624514,8.045977011494253,-0.4856254165214047,1.1494252873563229,-1.635050703877727,1.635050703877727
M3,2022-10-01,1431262,Media,42,40.63594665680059,33.333333333333336,23.800270131176077,25.287356321839084,-1.4870861906630068,1.4870861906630068
M3,2022-11-01,1624061,Media,56,46.35159861210918,49.42528735632184,5.715651955308587,16.091954022988503,-10.376302067679916,10.376302067679916
M3,2022-12-01,880978,Media,27,24.322418990292828,16.091954022988507,-22.02917962181635,-33.33333333333333,11.304153711516978,11.304153711516978
M3,2023-01-01,845312,Media,24,23.265077185418136,12.64367816091954,-1.0573418048746923,-3.448275862068966,2.390934057194274,2.390934057194274
M3,2023-02-01,1732472,Media,25,49.565513332242375,13.79310344827586,26.30043614682424,1.1494252873563209,25.151010859467917,25.151010859467917
M3,2023-03-01,1275478,Media,37,36.017628490182545,27.58620689655172,-13.54788484205983,13.79310344827586,-27.34098829033569,27.34098829033569
M3,2023-04-01,1458178,Media,50,41.43388901142425,42.52873563218391,5.416260521241703,14.942528735632187,-9.526268214390484,9.526268214390484
M3,2023-05-01,1897048,Media,60,54.44447606647267,54.02298850574713,13.010587055048418,11.49425287356322,1.516334181485199,1.516334181485199
M3,2023-06-01,1804611,Media,83,51.70412098271777,80.45977011494253,-2.740355083754899,26.4367816091954,-29.1771366929503,29.1771366929503
M3,2023-07-01,2518796,Media,84,72.87660056872218,81.60919540229885,21.172479586004417,1.1494252873563229,20.02305429864809,20.02305429864809
M3,2023-08-01,2354306,Media,78,68.00018736051722,74.71264367816092,-4.876413208204966,-6.896551724137936,2.0201385159329703,2.0201385159329703
M3,2023-09-01,3367789,Media,91,98.04555113637711,89.65517241379311,30.045363775859897,14.942528735632196,15.102835040227705,15.102835040227705
M3,2023-10-01,3433716,Media,100,100.0,100.0,1.9544488636228865,10.34482758620689,-8.390378722584003,8.390378722584003
M3,2023-11-01,2478363,Media,100,71.67793794335071,100.0,-28.322062056649287,0.0,-28.322062056649287,28.322062056649287
M3,2023-12-01,60540,Media,79,0.0,75.86206896551724,-71.67793794335071,-24.13793103448276,-47.54000690886795,47.54000690886795
M4,2021-03-01,56810,Media,70,100.0,57.74647887323944,22.184354582376827,9.859154929577471,12.325199652799355,12.325199652799355
M4,2021-04-01,46576,Media,71,81.9283065512979,59.15492957746479,-18.071693448702103,1.408450704225352,-19.48014415292746,19.48014415292746
M4,2021-05-01,56420,Media,85,99.31131908882216,78.87323943661971,17.38301253752428,19.71830985915492,-2.335297321630641,2.335297321630641
M4,2021-06-01,50660,Media,100,89.14003178527283,100.0,-10.171287303549349,21.126760563380287,-31.298047866929636,31.298047866929636
M4,2021-07-01,41934,Media,79,73.73123785979163,70.4225352112676,-15.408793925481191,-29.5774647887324,14.168670863251208,14.168670863251208
M4,2021-08-01,22579,Media,72,39.55324033197952,60.563380281690144,-34.17799752781212,-9.859154929577455,-24.31884259823466,24.31884259823466
M4,2021-09-01,23182,Media,73,40.61804697156984,61.971830985915496,1.0648066395903228,1.408450704225352,-0.3436440646350291,0.3436440646350291
M4,2021-10-01,18348,Media,74,32.081935369945256,63.38028169014085,-8.536111601624583,1.408450704225352,-9.944562305849937,9.944562305849937
M4,2021-11-01,12450,Media,70,21.666960974748367,57.74647887323944,-10.41497439519689,-5.633802816901408,-4.781171578295481,4.781171578295481
M4,2021-12-01,11888,Media,76,20.674554123256225,66.19718309859155,-0.9924068514921416,8.450704225352112,-9.443111076844254,9.443111076844254
M4,2022-01-01,10551,Media,64,18.31361469185944,49.29577464788732,-2.360939431396787,-16.90140845070423,14.540469019307444,14.540469019307444
M4,2022-02-01,8817,Media,67,15.251633409853437,53.521126760563384,-3.0619812820060037,4.225352112676063,-7.287333394682067,7.287333394682067
M4,2022-03-01,9853,Media,68,17.08105244570016,54.929577464788736,1.8294190358467244,1.408450704225352,0.4209683316213723,0.4209683316213723
M4,2022-04-01,8885,Media,73,15.371711107187004,61.971830985915496,-1.7093413385131555,7.04225352112676,-8.751594859639916,8.751594859639916
M4,2022-05-01,7179,Media,63,12.359173582906587,47.88732394366197,-3.0125375242804164,-14.084507042253527,11.07196951797311,11.07196951797311
M4,2022-06-01,7715,Media,78,13.30566837365354,69.01408450704226,0.9464947907469536,21.126760563380287,-20.180265772633337,20.180265772633337
M4,2022-07-01,6554,Media,73,11.255518276531872,61.971830985915496,-2.0501500971216675,-7.04225352112676,4.9921034240050925,4.9921034240050925
M4,2022-08-01,6643,Media,51,11.412678792159634,30.985915492957748,0.1571605156277602,-30.985915492957748,31.14307600858551,31.14307600858551
M4,2022-09-01,6306,Media,47,10.817587850962388,25.35211267605634,-0.5950909411972454,-5.633802816901408,5.038711875704163,5.038711875704163
M4,2022-10-01,5833,Media,54,9.982341515098003,35.2112676056338,-0.8352463358643831,9.85915492957746,-10.694401265441844,10.694401265441844
M4,2022-11-01,5858,Media,45,10.026487727352992,22.535211267605632,0.0441462122549882,-12.676056338028168,12.720202550283156,12.720202550283156
M4,2022-12-01,5684,Media,46,9.719230090058272,23.943661971830984,-0.30725763729472,1.408450704225352,-1.715708341520072,1.715708341520072
M4,2023-01-01,6450,Media,44,11.071870033551122,21.12676056338028,1.3526399434928482,-2.816901408450704,4.169541351943552,4.169541351943552
M4,2023-02-01,5473,Media,43,9.34663605862617,19.718309859154928,-1.7252339749249508,-1.408450704225352,-0.3167832706995988,0.3167832706995988
M4,2023-03-01,7131,Media,38,12.274412855377008,12.67605633802817,2.9277767967508375,-7.042253521126758,9.970030317877596,9.970030317877596
M4,2023-04-01,6426,Media,39,11.029489669786331,14.084507042253522,-1.2449231855906753,1.408450704225352,-2.6533738898160273,2.6533738898160273
M4,2023-05-01,6940,Media,40,11.937135793748896,15.492957746478874,0.9076461239625626,1.408450704225352,-0.5008045802627894,0.5008045802627894
M4,2023-06-01,7484,Media,43,12.897757372417448,19.718309859154928,0.960621578668551,4.225352112676054,-3.2647305340075032,3.2647305340075032
M4,2023-07-01,5970,Media,35,10.224262758255342,8.450704225352112,-2.673494614162104,-11.267605633802816,8.594111019640712,8.594111019640712
M4,2023-08-01,5750,Media,31,9.835776090411445,2.816901408450704,-0.3884866678438996,-5.633802816901408,5.245316149057508,5.245316149057508
M4,2023-09-01,5206,Media,30,8.875154511742892,1.408450704225352,-0.960621578668551,-1.408450704225352,0.447829125556801,0.447829125556801
M4,2023-10-01,5828,Media,30,9.973512272647008,1.408450704225352,1.0983577609041149,0.0,1.0983577609041149,1.0983577609041149
M4,2023-11-01,5163,Media,29,8.799223026664313,0.0,-1.1742892459826937,-1.408450704225352,0.2341614582426583,0.2341614582426583
M4,2023-12-01,180,Media,30,0.0,1.408450704225352,-8.799223026664313,1.408450704225352,-10.207673730889663,10.207673730889663
M5,2021-03-01,555209,Media,22,21.40423138307606,7.142857142857143,2.052679064423888,1.190476190476191,0.8622028739476972,0.8622028739476972
M5,2021-04-01,500849,Media,18,19.241757857066705,2.380952380952381,-2.1624735260093537,-4.761904761904763,2.599431235895409,2.599431235895409
M5,2021-05-01,434243,Media,16,16.592131078674893,0.0,-2.649626778391813,-2.380952380952381,-0.2686743974394319,0.2686743974394319
M5,2021-06-01,499599,Media,24,19.192032104537056,9.523809523809524,2.599901025862163,9.523809523809524,-6.923908497947361,6.923908497947361
M5,2021-07-01,730725,Media,33,28.386363527871087,20.238095238095237,9.194331423334033,10.714285714285714,-1.5199542909516826,1.5199542909516826
M5,2021-08-01,1155212,Media,48,45.2727119391134,38.095238095238095,16.886348411242313,17.857142857142858,-0.9707944459005446,0.9707944459005446
M5,2021-09-01,896707,Media,35,34.98922741297198,22.61904761904762,-10.283484526141422,-15.476190476190474,5.192705950049053,5.192705950049053
M5,2021-10-01,940772,Media,26,36.74215964114715,11.904761904761903,1.752932228175169,-10.714285714285715,12.467217942460884,12.467217942460884
M5,2021-11-01,711616,Media,28,27.626196003799844,14.285714285714286,-9.115963637347305,2.380952380952382,-11.496916018299684,11.496916018299684
M5,2021-12-01,584957,Media,24,22.587624732077646,9.523809523809524,-5.038571271722198,-4.761904761904763,-0.276666509817435,0.276666509817435
M5,2022-01-01,863899,Media,36,33.68410542177781,23.80952380952381,11.096480689700162,14.285714285714286,-3.189233596014125,3.189233596014125
M5,2022-02-01,1602506,Media,69,63.06633654071067,63.095238095238095,29.382231118932864,39.285714285714285,-9.90348316678142,9.90348316678142
M5,2022-03-01,1235821,Media,48,48.479386487643346,38.095238095238095,-14.586950053067326,-25.0,10.413049946932674,10.413049946932674
M5,2022-04-01,614037,Media,25,23.744444638927387,10.714285714285714,-24.73494184871596,-27.38095238095238,2.6460105322364207,2.6460105322364207
M5,2022-05-01,517898,Media,22,19.919977340969087,7.142857142857143,-3.8244672979583,-3.5714285714285703,-0.2530387265297298,0.2530387265297298
M5,2022-06-01,433077,Media,20,16.545746896715237,4.761904761904762,-3.3742304442538504,-2.380952380952382,-0.9932780633014692,0.9932780633014692
M5,2022-07-01,418125,Media,18,15.950947335256592,2.380952380952381,-0.5947995614586432,-2.380952380952381,1.7861528194937375,1.7861528194937375
M5,2022-08-01,485947,Media,19,18.648947325709248,3.5714285714285716,2.6979999904526544,1.190476190476191,1.5075237999764637,1.5075237999764637
M5,2022-09-01,516103,Media,25,19.848571160336512,10.714285714285714,1.199623834627264,7.142857142857142,-5.943233308229878,5.943233308229878
M5,2022-10-01,2530940,Media,100,100.0,100.0,80.15142883966348,89.28571428571429,-9.13428544605081,9.13428544605081
M5,2022-11-01,1031511,Media,40,40.35181168817736,28.571428571428573,-59.64818831182264,-71.42857142857143,11.780383116748794,11.780383116748794
M5,2022-12-01,1257622,Media,58,49.346643392362445,50.0,8.994831704185081,21.428571428571427,-12.433739724386346,12.433739724386346
M5,2023-01-01,811546,Media,39,31.60147156403006,27.38095238095238,-17.745171828332385,-22.61904761904762,4.8738757907152355,4.8738757907152355
M5,2023-02-01,565565,Media,22,21.81619929763369,7.142857142857143,-9.785272266396367,-20.238095238095237,10.452822971698868,10.452822971698868
M5,2023-03-01,550330,Media,19,21.210141825802335,3.5714285714285716,-0.606057471831356,-3.5714285714285716,2.9653710995972156,2.9653710995972156
M5,2023-04-01,418059,Media,16,15.948321815523029,0.0,-5.261820010279308,-3.5714285714285716,-1.6903914388507366,1.6903914388507366
M5,2023-05-01,723686,Media,25,28.106347870226127,10.714285714285714,12.1580260547031,10.714285714285714,1.4437403404173867,1.4437403404173867
M5,2023-06-01,748796,Media,29,29.105238787041703,15.476190476190476,0.9988909168155792,4.761904761904763,-3.763013845089183,3.763013845089183
M5,2023-07-01,595569,Media,22,23.00977648075335,7.142857142857143,-6.095462306288358,-8.333333333333332,2.2378710270449744,2.2378710270449744
M5,2023-08-01,751360,Media,35,29.207236250630523,22.61904761904762,6.197459769877174,15.476190476190478,-9.278730706313304,9.278730706313304
M5,2023-09-01,670902,Media,35,26.006568573006156,22.61904761904762,-3.2006676776243665,0.0,-3.2006676776243665,3.2006676776243665
M5,2023-10-01,552130,Media,26,21.28174690944503,11.904761904761903,-4.724821663561126,-10.714285714285715,5.989464050724589,5.989464050724589
M5,2023-11-01,555777,Media,24,21.42682676502553,9.523809523809524,0.1450798555805015,-2.380952380952382,2.526032236532883,2.526032236532883
M5,2023-12-01,17152,Media,31,0.0,17.857142857142858,-21.42682676502553,8.333333333333334,-29.760160098358867,29.760160098358867
M6,2021-03-01,997883,Media,64,93.43951366396185,40.98360655737705,23.753593031512352,-4.918032786885242,28.67162581839759,28.67162581839759
M6,2021-04-01,885110,Media,68,82.73417832068257,47.540983606557376,-10.705335343279271,6.5573770491803245,-17.262712392459598,17.262712392459598
M6,2021-05-01,748325,Media,56,69.74942758309064,27.868852459016395,-12.984750737591938,-19.67213114754098,6.687380409949043,6.687380409949043
M6,2021-06-01,511120,Media,55,47.23198927691309,26.229508196721312,-22.517438306177542,-1.639344262295083,-20.878094043882463,20.878094043882463
M6,2021-07-01,816955,Media,75,76.2643483940051,59.01639344262295,29.032359117092007,32.78688524590164,-3.75452612880963,3.75452612880963
M6,2021-08-01,595421,Media,65,55.23452955493873,42.622950819672134,-21.029818839066365,-16.393442622950815,-4.636376216115551,4.636376216115551
M6,2021-09-01,588887,Media,64,54.61426884419249,40.98360655737705,-0.6202607107462441,-1.639344262295083,1.0190835515488388,1.0190835515488388
M6,2021-10-01,490576,Media,56,45.2817848016191,27.868852459016395,-9.332484042573393,-13.114754098360656,3.782270055787265,3.782270055787265
M6,2021-11-01,647570,Media,70,60.184939075095784,50.81967213114754,14.903154273476687,22.950819672131143,-8.047665398654459,8.047665398654459
M6,2021-12-01,1061152,Media,85,99.44552451615108,75.40983606557377,39.2605854410553,24.59016393442623,14.670421506629069,14.670421506629069
M6,2022-01-01,1031348,Media,100,96.6162851186792,100.0,-2.8292393974718806,24.59016393442623,-27.41940333189811,27.41940333189811
M6,2022-02-01,530142,Media,69,49.03771306629404,49.18032786885246,-47.57857205238516,-50.81967213114754,3.241100078762379,3.241100078762379
M6,2022-03-01,567357,Media,59,52.570465186040245,32.78688524590164,3.532752119746206,-16.393442622950822,19.926194742697028,19.926194742697028
M6,2022-04-01,657319,Media,71,61.110393875993424,52.459016393442624,8.539928689953179,19.672131147540988,-11.132202457587807,11.132202457587807
M6,2022-05-01,836985,Media,83,78.1657597861458,72.1311475409836,17.055365910152375,19.67213114754098,-2.6167652373886057,2.6167652373886057
M6,2022-06-01,567298,Media,85,52.56486442357712,75.40983606557377,-25.60089536256868,3.278688524590166,-28.879583887158844,28.879583887158844
M6,2022-07-01,1066993,Media,93,100.0,88.52459016393442,47.43513557642288,13.114754098360647,34.32038147806223,34.32038147806223
M6,2022-08-01,549481,Media,63,50.8735290878921,39.34426229508197,-49.1264709121079,-49.18032786885245,0.0538569567445534,0.0538569567445534
M6,2022-09-01,539192,Media,57,49.896813071230305,29.50819672131147,-0.976716016661797,-9.836065573770494,8.859349557108697,8.859349557108697
M6,2022-10-01,518318,Media,55,47.915282297413775,26.229508196721312,-1.9815307738165304,-3.2786885245901622,1.297157750773632,1.297157750773632
M6,2022-11-01,518873,Media,56,47.96796743583805,27.868852459016395,0.0526851384242732,1.639344262295083,-1.5866591238708097,1.5866591238708097
M6,2022-12-01,398844,Media,55,36.5738332377723,26.229508196721312,-11.39413419806575,-1.639344262295083,-9.754789935770669,9.754789935770669
M6,2023-01-01,432854,Media,53,39.80234054914052,22.950819672131143,3.228507311368219,-3.278688524590166,6.507195835958385,6.507195835958385
M6,2023-02-01,693671,Media,55,64.56122297869432,26.229508196721312,24.7588824295538,3.278688524590166,21.480193904963635,21.480193904963635
M6,2023-03-01,556831,Media,42,51.57125119134862,4.918032786885246,-12.989971787345697,-21.311475409836067,8.321503622490372,8.321503622490372
M6,2023-04-01,488024,Media,45,45.0395280930448,9.836065573770492,-6.5317230983038215,4.918032786885246,-11.449755885189068,11.449755885189068
M6,2023-05-01,640711,Media,52,59.533826706713704,21.311475409836067,14.494298613668905,11.475409836065577,3.018888777603328,3.018888777603328
M6,2023-06-01,527793,Media,54,48.814726777719976,24.59016393442623,-10.719099928993728,3.2786885245901622,-13.99778845358389,13.99778845358389
M6,2023-07-01,530895,Media,52,49.10919398383183,21.311475409836067,0.2944672061118538,-3.2786885245901622,3.573155730702016,3.573155730702016
M6,2023-08-01,474893,Media,46,43.79302619637982,11.475409836065571,-5.3161677874520095,-9.836065573770494,4.519897786318484,4.519897786318484
M6,2023-09-01,373850,Media,39,34.20119837331075,0.0,-9.591827823069067,-11.475409836065571,1.8835820129965055,1.8835820129965055
M6,2023-10-01,453013,Media,44,41.71599767615822,8.19672131147541,7.514799302847464,8.19672131147541,-0.6819220086279447,0.6819220086279447
M6,2023-11-01,689257,Media,57,64.14221000391105,29.50819672131147,22.42621232775283,21.311475409836063,1.1147369179167654,1.1147369179167654
M6,2023-12-01,13565,Media,47,0.0,13.114754098360656,-64.14221000391105,-16.39344262295082,-47.74876738096023,47.74876738096023
M7,2021-03-01,196193,Media,52,29.25733659214188,5.882352941176471,-0.1249244471238633,-3.9215686274509807,3.796644180327118,3.796644180327118
M7,2021-04-01,224692,Media,52,33.685473182419216,5.882352941176471,4.428136590277337,0.0,4.428136590277337,4.428136590277337
M7,2021-05-01,152676,Media,51,22.495723202229996,3.92156862745098,-11.18974998018922,-1.9607843137254908,-9.22896566646373,9.22896566646373
M7,2021-06-01,126245,Media,54,18.38890969236578,9.803921568627452,-4.106813509864217,5.882352941176471,-9.989166451040688,9.989166451040688
M7,2021-07-01,256507,Media,52,38.628845427749695,5.882352941176471,20.239935735383916,-3.9215686274509807,24.161504362834897,24.161504362834897
M7,2021-08-01,234090,Media,49,35.145721881511335,0.0,-3.4831235462383603,-5.882352941176471,2.3992293949381107,2.3992293949381107
M7,2021-09-01,247640,Media,54,37.25110280007893,9.803921568627452,2.1053809185675973,9.803921568627452,-7.698540650059854,7.698540650059854
M7,2021-10-01,236288,Media,51,35.48724418844946,3.92156862745098,-1.7638586116294732,-5.882352941176471,4.118494329546998,4.118494329546998
M7,2021-11-01,263626,Media,57,39.73498614799196,15.68627450980392,4.247741959542502,11.76470588235294,-7.516963922810438,7.516963922810438
M7,2021-12-01,262308,Media,74,39.53019706676155,49.01960784313726,-0.2047890812304089,33.333333333333336,-33.538122414563745,33.538122414563745
M7,2022-01-01,345184,Media,68,52.407359355116384,37.25490196078432,12.877162288354832,-11.764705882352942,24.641868170707777,24.641868170707777
M7,2022-02-01,327778,Media,70,49.702838302084096,41.1764705882353,-2.7045210530322876,3.9215686274509807,-6.626089680483268,6.626089680483268
M7,2022-03-01,281010,Media,78,42.43608887038156,56.86274509803921,-7.266749431702536,15.686274509803916,-22.95302394150645,22.95302394150645
M7,2022-04-01,230550,Media,73,34.59568140536896,47.05882352941177,-7.840407465012603,-9.803921568627445,1.9635141036148411,1.9635141036148411
M7,2022-05-01,234740,Media,68,35.24671801413635,37.25490196078432,0.6510366087673916,-9.803921568627452,10.454958177394843,10.454958177394843
M7,2022-06-01,259266,Media,74,39.05753516607648,49.01960784313726,3.8108171519401353,11.764705882352942,-7.953888730412807,7.953888730412807
M7,2022-07-01,291595,Media,69,44.08077204551352,39.21568627450981,5.023236879437036,-9.803921568627452,14.827158448064488,14.827158448064488
M7,2022-08-01,263923,Media,71,39.78113361166832,43.13725490196079,-4.299638433845203,3.9215686274509807,-8.221207061296184,8.221207061296184
M7,2022-09-01,269586,Media,76,40.66104299483055,52.94117647058823,0.8799093831622358,9.803921568627445,-8.924012185465209,8.924012185465209
M7,2022-10-01,651485,Media,76,100.0,52.94117647058823,59.33895700516945,0.0,59.33895700516945,59.33895700516945
M7,2022-11-01,575985,Media,91,88.26891074894071,82.3529411764706,-11.731089251059288,29.41176470588236,-41.14285395694165,41.14285395694165
M7,2022-12-01,382800,Media,89,58.25208323945872,78.43137254901961,-30.016827509481992,-3.9215686274509807,-26.09525888203101,26.09525888203101
M7,2023-01-01,377943,Media,81,57.4974090607515,62.74509803921568,-0.7546741787072193,-15.68627450980393,14.93160033109671,14.93160033109671
M7,2023-02-01,320839,Media,80,48.62466574164568,60.78431372549019,-8.872743319105822,-1.9607843137254903,-6.911959005380332,6.911959005380332
M7,2023-03-01,293523,Media,77,44.380342112745865,54.90196078431372,-4.244323628899814,-5.882352941176471,1.6380293122766574,1.6380293122766574
M7,2023-04-01,209480,Media,84,31.32185292166274,68.62745098039215,-13.058489191083126,13.725490196078432,-26.78397938716156,26.78397938716156
M7,2023-05-01,238590,Media,80,35.84492587660759,60.78431372549019,4.523072954944851,-7.843137254901961,12.366210209846813,12.366210209846813
M7,2023-06-01,252758,Media,79,38.046330810501736,58.8235294117647,2.201404933894146,-1.9607843137254903,4.1621892476196365,4.1621892476196365
M7,2023-07-01,245987,Media,77,36.99426186588024,54.90196078431372,-1.052068944621496,-3.9215686274509807,2.8694996828294848,2.8694996828294848
M7,2023-08-01,214557,Media,78,32.11071040679688,56.86274509803921,-4.883551459083357,1.9607843137254903,-6.844335772808847,6.844335772808847
M7,2023-09-01,196019,Media,81,29.23030070433149,62.74509803921568,-2.8804097024653927,5.882352941176471,-8.762762643641864,8.762762643641864
M7,2023-10-01,212539,Media,85,31.79715625966261,70.58823529411765,2.56685555533112,7.843137254901968,-5.276281699570848,5.276281699570848
M7,2023-11-01,202073,Media,100,30.170963145734312,100.0,-1.6261931139282986,29.411764705882348,-31.037957819810646,31.037957819810646
M7,2023-12-01,7896,Media,88,0.0,76.47058823529412,-30.170963145734312,-23.529411764705884,-6.641551381028428,6.641551381028428
F3,2020-09-01,37412,Finance,32,5.244056516347783,23.59550561797753,2.0973298060636054,14.606741573033709,-12.509411766970103,12.509411766970103
F3,2020-10-01,33412,Finance,19,4.658455565331838,8.98876404494382,-0.5856009510159446,-14.606741573033709,14.021140622017764,14.021140622017764
F3,2020-11-01,43876,Finance,54,6.190387653189549,48.31460674157304,1.5319320878577107,39.325842696629216,-37.793910608771505,37.793910608771505
F3,2020-12-01,45595,Finance,44,6.4420496618886505,37.07865168539326,0.2516620086991015,-11.235955056179776,11.487617064878878,11.487617064878878
F3,2021-01-01,684651,Finance,100,100.0,100.0,93.55795033811135,62.92134831460674,30.636602023504615,30.636602023504615
F3,2021-02-01,314935,Finance,72,45.87348969854727,68.53932584269663,-54.12651030145273,-31.460674157303373,-22.66583614414936,22.66583614414936
F3,2021-03-01,151930,Finance,44,22.009518943458765,37.07865168539326,-23.863970755088502,-31.460674157303366,7.596703402214864,7.596703402214864
F3,2021-04-01,69763,Finance,28,9.980250607926987,19.10112359550562,-12.029268335531778,-17.97752808988764,5.948259754355863,5.948259754355863
F3,2021-05-01,52976,Finance,23,7.522629816750823,13.48314606741573,-2.457620791176164,-5.61797752808989,3.1603567369137258,3.1603567369137258
F3,2021-06-01,49734,Finance,25,7.0480002459524,15.730337078651685,-0.47462957079842294,2.247191011235955,-2.721820582034378,2.721820582034378
F3,2021-07-01,71734,Finance,22,10.268805476540093,12.359550561797754,3.2208052305876933,-3.370786516853931,6.591591747441624,6.591591747441624
F3,2021-08-01,61424,Finance,20,8.759419025296497,10.112359550561798,-1.5093864512435964,-2.247191011235955,0.7378045599923588,0.7378045599923588
F3,2021-09-01,53991,Finance,19,7.6712260580711185,8.98876404494382,-1.0881929672253783,-1.1235955056179776,0.035402538392599325,0.035402538392599325
F3,2021-10-01,53765,Finance,22,7.6381396043387175,12.359550561797754,-0.03308645373240093,3.370786516853933,-3.4038729705863338,3.4038729705863338
F3,2021-11-01,59780,Finance,32,8.518737034428943,23.59550561797753,0.8805974300902255,11.235955056179776,-10.35535762608955,10.35535762608955
F3,2021-12-01,67052,Finance,34,9.58335956337593,25.84269662921348,1.0646225289469875,2.2471910112359517,-1.1825684822889642,1.1825684822889642
F3,2022-01-01,60209,Finance,21,8.581542736425403,11.235955056179776,-1.0018168269505274,-14.606741573033705,13.604924746083178,13.604924746083178
F3,2022-02-01,51028,Finance,18,7.237442153606057,7.865168539325842,-1.3441005828193457,-3.3707865168539337,2.026685934034588,2.026685934034588
F3,2022-03-01,57706,Finance,17,8.215102941327176,6.741573033707865,0.9776607877211188,-1.1235955056179776,2.1012562933390964,2.1012562933390964
F3,2022-04-01,48264,Finance,17,6.83279189645404,6.741573033707865,-1.382311044873136,0.0,-1.382311044873136,1.382311044873136
F3,2022-05-01,45759,Finance,13,6.466059300880304,2.247191011235955,-0.36673259557373594,-4.4943820224719095,4.127649426898174,4.127649426898174
F3,2022-06-01,37674,Finance,15,5.282413378639327,4.49438202247191,-1.1836459222409772,2.247191011235955,-3.4308369334769324,3.4308369334769324
F3,2022-07-01,62806,Finance,16,8.961744153872505,5.617977528089888,3.6793307752331783,1.1235955056179776,2.5557352696152007,2.5557352696152007
F3,2022-08-01,89348,Finance,14,12.847499264338806,3.3707865168539324,3.8857551104663006,-2.2471910112359557,6.132946121702256,6.132946121702256
F3,2022-09-01,90099,Finance,15,12.95744584289205,4.49438202247191,0.10994657855324341,1.123595505617978,-1.0136489270647346,1.0136489270647346
F3,2022-10-01,136432,Finance,15,19.740608058747487,4.49438202247191,6.783162215855437,0.0,6.783162215855437,6.783162215855437
F3,2022-11-01,67571,Finance,22,9.65934128677025,12.359550561797754,-10.081266771977237,7.865168539325843,-17.94643531130308,17.94643531130308
F3,2022-12-01,42307,Finance,23,5.960685680153545,13.48314606741573,-3.698655606616705,1.1235955056179758,-4.822251112234681,4.822251112234681
F3,2023-01-01,41906,Finance,14,5.901979184814196,3.3707865168539324,-0.05870649533934902,-10.112359550561797,10.053653055222448,10.053653055222448
F3,2023-02-01,46373,Finance,15,6.555949046861252,4.49438202247191,0.653969862047056,1.123595505617978,-0.46962564357092207,0.46962564357092207
F3,2023-03-01,46588,Finance,12,6.587425097978359,1.1235955056179776,0.031476051117107495,-3.370786516853933,3.4022625679710403,3.4022625679710403
F3,2023-04-01,39303,Finance,11,5.52089936594057,0.0,-1.066525732037789,-1.1235955056179776,0.05706977358018861,0.05706977358018861
F3,2023-05-01,45472,Finance,12,6.424042432644911,1.1235955056179776,0.9031430667043407,1.1235955056179776,-0.22045243891363686,0.22045243891363686
F3,2023-06-01,83348,Finance,12,11.96909783781489,1.1235955056179776,5.545055405169978,0.0,5.545055405169978,5.545055405169978
F3,2023-07-01,104791,Finance,12,15.108358135973614,1.1235955056179776,3.1392602981587245,0.0,3.1392602981587245,3.1392602981587245
F3,2023-08-01,66712,Finance,11,9.533583482539576,0.0,-5.574774653434037,-1.1235955056179776,-4.45117914781606,4.45117914781606
F3,2023-09-01,79182,Finance,12,11.359194447331783,1.1235955056179776,1.8256109647922063,1.1235955056179776,0.7020154591742287,0.7020154591742287
F3,2023-10-01,74132,Finance,11,10.619873246674153,0.0,-0.7393212006576295,-1.1235955056179776,0.3842743049603481,0.3842743049603481
F3,2023-11-01,171510,Finance,16,24.876035598681813,5.617977528089888,14.25616235200766,5.617977528089888,8.638184823917772,8.638184823917772
F3,2023-12-01,1592,Finance,20,0.0,10.112359550561798,-24.876035598681813,4.49438202247191,-29.370417621153724,29.370417621153724
G1,2021-03-01,58,Geopolitics,2,3.269069572506287,1.0101010101010102,0.586756077116513,1.0101010101010102,-0.42334493298449716,0.42334493298449716
G1,2021-04-01,55,Geopolitics,2,3.0176026823134956,1.0101010101010102,-0.2514668901927912,0.0,-0.2514668901927912,0.2514668901927912
G1,2021-05-01,48,Geopolitics,1,2.4308466051969826,0.0,-0.586756077116513,-1.0101010101010102,0.42334493298449716,0.42334493298449716
G1,2021-06-01,33,Geopolitics,5,1.173512154233026,4.040404040404041,-1.2573344509639566,4.040404040404041,-5.297738491367998,5.297738491367998
G1,2021-07-01,55,Geopolitics,4,3.0176026823134956,3.0303030303030303,1.8440905280804696,-1.0101010101010104,2.85419153818148,2.85419153818148
G1,2021-08-01,68,Geopolitics,1,4.107292539815591,0.0,1.089689857502095,-3.0303030303030303,4.119992887805125,4.119992887805125
G1,2021-09-01,54,Geopolitics,2,2.933780385582565,1.0101010101010102,-1.1735121542330256,1.0101010101010102,-2.1836131643340355,2.1836131643340355
G1,2021-10-01,50,Geopolitics,1,2.5984911986588433,0.0,-0.3352891869237218,-1.0101010101010102,0.6748118231772884,0.6748118231772884
G1,2021-11-01,85,Geopolitics,2,5.532271584241408,1.0101010101010102,2.9337803855825646,1.0101010101010102,1.9236793754815544,1.9236793754815544
G1,2021-12-01,143,Geopolitics,3,10.393964794635373,2.0202020202020203,4.861693210393965,1.0101010101010102,3.851592200292955,3.851592200292955
G1,2022-01-01,190,Geopolitics,7,14.333612740989103,6.0606060606060606,3.9396479463537304,4.04040404040404,-0.10075609405030939,0.10075609405030939
G1,2022-02-01,1212,Geopolitics,100,100.0,100.0,85.66638725901089,93.93939393939394,-8.273006680383048,8.273006680383048
G1,2022-03-01,732,Geopolitics,87,59.7652975691534,86.86868686868686,-40.2347024308466,-13.131313131313135,-27.103389299533468,27.103389299533468
G1,2022-04-01,218,Geopolitics,30,16.680637049455154,29.292929292929294,-43.08466051969825,-57.57575757575757,14.491097056059324,14.491097056059324
G1,2022-05-01,184,Geopolitics,23,13.830678960603521,22.22222222222222,-2.8499580888516327,-7.070707070707073,4.22074898185544,4.22074898185544
G1,2022-06-01,98,Geopolitics,17,6.621961441743504,16.161616161616163,-7.208717518860017,-6.060606060606059,-1.1481114582539584,1.1481114582539584
G1,2022-07-01,70,Geopolitics,13,4.274937133277452,12.121212121212121,-2.347024308466052,-4.0404040404040416,1.6933797319379895,1.6933797319379895
G1,2022-08-01,112,Geopolitics,12,7.79547359597653,11.11111111111111,3.520536462699078,-1.0101010101010104,4.530637472800088,4.530637472800088
G1,2022-09-01,82,Geopolitics,16,5.280804694048617,15.151515151515152,-2.514668901927913,4.0404040404040416,-6.555072942331955,6.555072942331955
G1,2022-10-01,50,Geopolitics,19,2.5984911986588433,18.181818181818183,-2.6823134953897734,3.030303030303031,-5.7126165256928045,5.7126165256928045
G1,2022-11-01,23,Geopolitics,12,0.3352891869237217,11.11111111111111,-2.2632020117351215,-7.070707070707073,4.807505058971952,4.807505058971952
G1,2022-12-01,36,Geopolitics,11,1.4249790444258172,10.1010101010101,1.0896898575020955,-1.0101010101010104,2.099790867603106,2.099790867603106
G1,2023-01-01,45,Geopolitics,12,2.179379715004191,11.11111111111111,0.7544006705783737,1.0101010101010104,-0.2557003395226367,0.2557003395226367
G1,2023-02-01,29,Geopolitics,13,0.8382229673093042,12.121212121212121,-1.3411567476948867,1.0101010101010104,-2.351257757795897,2.351257757795897
G1,2023-03-01,36,Geopolitics,12,1.4249790444258172,11.11111111111111,0.586756077116513,-1.0101010101010104,1.5968570872175234,1.5968570872175234
G1,2023-04-01,30,Geopolitics,9,0.9220452640402347,8.080808080808081,-0.5029337803855826,-3.0303030303030294,2.527369249917447,2.527369249917447
G1,2023-05-01,29,Geopolitics,11,0.8382229673093042,10.1010101010101,-0.08382229673093045,2.020202020202019,-2.1040243169329496,2.1040243169329496
G1,2023-06-01,29,Geopolitics,14,0.8382229673093042,13.131313131313131,0.0,3.030303030303031,-3.030303030303031,3.030303030303031
G1,2023-07-01,19,Geopolitics,11,0.0,10.1010101010101,-0.8382229673093042,-3.030303030303031,2.192080062993727,2.192080062993727
G1,2023-08-01,33,Geopolitics,10,1.173512154233026,9.090909090909092,1.173512154233026,-1.0101010101010086,2.1836131643340346,2.1836131643340346
G1,2023-09-01,46,Geopolitics,11,2.2632020117351215,10.1010101010101,1.0896898575020955,1.0101010101010086,0.07958884740108685,0.07958884740108685
G1,2023-10-01,32,Geopolitics,8,1.0896898575020955,7.070707070707071,-1.173512154233026,-3.0303030303030294,1.8567908760700034,1.8567908760700034
G1,2023-11-01,21,Geopolitics,7,0.16764459346186086,6.0606060606060606,-0.9220452640402346,-1.0101010101010104,0.08805574606077582,0.08805574606077582
